AP_MONTH,ipc_section,AP_COUNT,CITATION_MEAN,CLAIM_PER_INV_MEAN,INV_PER_AP_MEAN,AP_DATE,INDUSTRY_DUMMY,D_POST_2004,DID_TERM_NAKAMURA
1988-03,G,1,0.0,4.0,1.0,1988-03-01,0,0,0
1989-02,G,1,0.0,0.1,10.0,1989-02-01,0,0,0
1989-04,G,1,0.0,1.0,1.0,1989-04-01,0,0,0
1989-05,G,1,0.0,0.25,4.0,1989-05-01,0,0,0
1989-06,G,2,0.0,0.75,1.5,1989-06-01,0,0,0
1989-08,H,1,0.0,0.3333333333333333,3.0,1989-08-01,1,0,0
1989-09,G,4,0.0,0.8333333333333334,1.5,1989-09-01,0,0,0
1989-10,G,13,0.0,0.5391941391941392,2.769230769230769,1989-10-01,0,0,0
1989-10,H,13,0.0,0.641025641025641,1.9230769230769231,1989-10-01,1,0,0
1989-11,G,81,0.0,0.800734861845973,2.1481481481481484,1989-11-01,0,0,0
1989-11,H,62,0.0,0.939516129032258,1.6935483870967742,1989-11-01,1,0,0
1989-12,H,77,0.0,0.6512987012987013,2.155844155844156,1989-12-01,1,0,0
1989-12,G,85,0.0,0.8855882352941177,1.8823529411764703,1989-12-01,0,0,0
1990-01,G,6078,0.0,1.4925926286612368,2.013162224415926,1990-01-01,0,0,0
1990-01,H,5672,0.0,1.4958233987059797,1.9130818053596612,1990-01-01,1,0,0
1990-02,G,7156,0.0,1.4857755164840127,1.9670206819452207,1990-02-01,0,0,0
1990-02,H,6607,0.0,1.544526903229794,1.905554714696534,1990-02-01,1,0,0
1990-03,G,10357,0.0,1.5155833253569084,1.9462199478613496,1990-03-01,0,0,0
1990-03,H,9315,0.0,1.558957568941466,1.917337627482555,1990-03-01,1,0,0
1990-04,G,7273,0.0,1.7099067423555254,2.0160868967413723,1990-04-01,0,0,0
1990-04,H,6234,0.0,1.6631200653337324,1.9111324991979468,1990-04-01,1,0,0
1990-05,G,7338,0.0,1.6789722950802264,2.0298446443172526,1990-05-01,0,0,0
1990-05,H,6772,0.0,1.6883739300012188,1.9277909037212049,1990-05-01,1,0,0
1990-06,H,7266,0.0,1.724443647079898,1.893751720341316,1990-06-01,1,0,0
1990-06,G,8256,0.0,1.7664661259955592,1.9797722868217051,1990-06-01,0,0,0
1990-07,H,7303,0.0,1.6465963650511095,1.894837737915925,1990-07-01,1,0,0
1990-07,G,7942,0.0,1.6795170256168743,2.014354066985646,1990-07-01,0,0,0
1990-08,G,7364,0.0,1.6784117828200529,1.9651004888647476,1990-08-01,0,0,0
1990-08,H,6558,0.0,1.794970277426819,1.8446172613601708,1990-08-01,1,0,0
1990-09,G,8611,0.0,1.7810215499822502,2.0398327720357683,1990-09-01,0,0,0
1990-09,H,7523,0.0,1.694355884858344,1.9142629270237936,1990-09-01,1,0,0
1990-10,G,9296,0.0,1.6814068348222824,1.8675774526678144,1990-10-01,0,0,0
1990-10,H,8196,0.0,1.651929440875268,1.81185944363104,1990-10-01,1,0,0
1990-11,G,12797,0.0,1.733808700394619,2.008283191372978,1990-11-01,0,0,0
1990-11,H,10844,0.0,1.6864522736986771,1.935079306528956,1990-11-01,1,0,0
1990-12,G,5002,0.0,1.7966757928014605,1.9550179928028788,1990-12-01,0,0,0
1990-12,H,4179,0.0,1.7879504372684558,1.8451782723139507,1990-12-01,1,0,0
1991-01,H,5157,0.0,1.6778210230508075,1.7576110141555168,1991-01-01,1,0,0
1991-01,G,5996,0.0,1.7807688892161877,1.872915276851234,1991-01-01,0,0,0
1991-02,G,7431,0.0,1.8232195797294704,1.8939577445835016,1991-02-01,0,0,0
1991-02,H,6510,0.0,1.7815651088116526,1.9161290322580644,1991-02-01,1,0,0
1991-03,G,9583,0.0,1.7589118497419658,2.018052801836585,1991-03-01,0,0,0
1991-03,H,8658,0.0,1.792292475625809,1.9386694386694387,1991-03-01,1,0,0
1991-04,G,8603,0.0,1.8444102226042176,1.9740788097175404,1991-04-01,0,0,0
1991-04,H,7040,0.0,1.8372676810247837,1.9056818181818185,1991-04-01,1,0,0
1991-05,G,8194,0.0,1.8568112392313028,1.9729070051257016,1991-05-01,0,0,0
1991-05,H,7219,0.0,1.8058672130842792,1.8681257791937944,1991-05-01,1,0,0
1991-06,G,7952,0.0,1.8754478349171508,1.9479376257545271,1991-06-01,0,0,0
1991-06,H,6978,0.0,1.8013317571572087,1.8690169102894807,1991-06-01,1,0,0
1991-07,G,8752,0.0,1.9189152418213595,1.9529250457038392,1991-07-01,0,0,0
1991-07,H,7727,0.0,1.7605109218607342,1.8954316034683576,1991-07-01,1,0,0
1991-08,H,6594,0.0,1.903725187881239,1.8724598119502576,1991-08-01,1,0,0
1991-08,G,7296,0.0,1.9437491841583123,1.9413377192982455,1991-08-01,0,0,0
1991-09,G,9263,0.0,1.8498095224074929,1.977329159019756,1991-09-01,0,0,0
1991-09,H,8386,0.0,1.789896615296091,1.889935606963988,1991-09-01,1,0,0
1991-10,G,9119,0.0,1.8549632627245305,1.9377124684724203,1991-10-01,0,0,0
1991-10,H,8120,0.0,1.925524789591908,1.8469211822660097,1991-10-01,1,0,0
1991-11,G,7992,0.0,1.9333703951759509,1.960960960960961,1991-11-01,0,0,0
1991-11,H,7146,0.0,1.905642658644338,1.880772460117548,1991-11-01,1,0,0
1991-12,G,8053,0.0,2.0038294593770813,1.983236061095244,1991-12-01,0,0,0
1991-12,H,7211,0.0,1.9138225070203991,1.9690750242684787,1991-12-01,1,0,0
1992-01,G,7062,0.0,1.9513618045160104,1.945766071934296,1992-01-01,0,0,0
1992-01,H,7033,0.0,1.9202454350079832,1.903312953220532,1992-01-01,1,0,0
1992-02,H,7289,0.0,1.879172439959242,1.894086980381397,1992-02-01,1,0,0
1992-02,G,7600,0.0,1.8930823127895493,1.970921052631579,1992-02-01,0,0,0
1992-03,G,9599,0.0,1.9378561597099988,1.967496614230649,1992-03-01,0,0,0
1992-03,H,9154,0.0,1.8502829302370487,1.9954118418177849,1992-03-01,1,0,0
1992-04,G,7647,0.0,1.997125196556346,2.011638551065777,1992-04-01,0,0,0
1992-04,H,6883,0.0,2.013315889318359,1.9237251198605256,1992-04-01,1,0,0
1992-05,G,7240,0.0,1.9898365889968916,1.9642265193370163,1992-05-01,0,0,0
1992-05,H,6625,0.0,2.002391494668853,1.929811320754717,1992-05-01,1,0,0
1992-06,G,8602,0.0,2.1432633904239347,2.0480120902115786,1992-06-01,0,0,0
1992-06,H,7685,0.0,2.078330873565096,1.9281717631750164,1992-06-01,1,0,0
1992-07,G,8066,0.0,2.076284311605413,1.994668980907513,1992-07-01,0,0,0
1992-07,H,7345,0.0,2.10612473563801,1.927978216473792,1992-07-01,1,0,0
1992-08,H,5978,0.0,2.060061752028129,1.9931415189026431,1992-08-01,1,0,0
1992-08,G,6545,0.0,2.1024382866094093,2.060809778456837,1992-08-01,0,0,0
1992-09,H,7622,0.0,2.1544991441836103,2.003935974809761,1992-09-01,1,0,0
1992-09,G,8065,0.0,2.0456150324842204,2.102293862368258,1992-09-01,0,0,0
1992-10,G,7555,0.0,2.217818646902036,2.074520185307743,1992-10-01,0,0,0
1992-10,H,6754,0.0,2.197485999917892,1.9723127035830617,1992-10-01,1,0,0
1992-11,G,6669,0.0,2.1409964629262874,2.1169590643274856,1992-11-01,0,0,0
1992-11,H,6047,0.0,2.2278630764160776,2.0147180420043,1992-11-01,1,0,0
1992-12,G,7790,0.0,2.25102889052183,2.0956354300385107,1992-12-01,0,0,0
1992-12,H,6803,0.0,2.284649077872656,2.007202704689108,1992-12-01,1,0,0
1993-01,G,5272,0.0,2.2401120555805685,2.0925644916540214,1993-01-01,0,0,0
1993-01,H,5192,0.0,2.245542287279576,2.034283513097072,1993-01-01,1,0,0
1993-02,G,6189,0.0,2.2579811375497267,2.055097754079819,1993-02-01,0,0,0
1993-02,H,5738,0.0,2.2887213707055114,2.0031369815266644,1993-02-01,1,0,0
1993-03,H,8201,0.0,2.270448681099821,2.111693695890745,1993-03-01,1,0,0
1993-03,G,8954,0.0,2.223696766522452,2.1502121956667413,1993-03-01,0,0,0
1993-04,G,6623,0.0,2.3014642608218026,2.082741959836932,1993-04-01,0,0,0
1993-04,H,6032,0.0,2.415915729385557,2.037798408488064,1993-04-01,1,0,0
1993-05,G,5948,0.0,2.3351688773006862,2.089273705447209,1993-05-01,0,0,0
1993-05,H,5509,0.0,2.344797012853829,2.0068978035941187,1993-05-01,1,0,0
1993-06,G,8457,0.0,2.3373817339230607,2.123802766938631,1993-06-01,0,0,0
1993-06,H,7623,0.0,2.4583898191828144,2.0207267479994755,1993-06-01,1,0,0
1993-07,G,6242,0.0,2.3691275077409326,2.12624158923422,1993-07-01,0,0,0
1993-07,H,5488,0.0,2.417858361977349,2.0408163265306123,1993-07-01,1,0,0
1993-08,G,5648,0.0,2.384163436991872,2.103399433427762,1993-08-01,0,0,0
1993-08,H,5073,0.0,2.487631844905647,2.076680465207964,1993-08-01,1,0,0
1993-09,G,7227,0.0,2.426737872462239,2.118444721184447,1993-09-01,0,0,0
1993-09,H,6674,0.0,2.5177973688649447,2.055139346718609,1993-09-01,1,0,0
1993-10,H,5510,0.0,2.4870533434099675,2.045553539019964,1993-10-01,1,0,0
1993-10,G,6472,0.0,2.395803279092834,2.119746600741657,1993-10-01,0,0,0
1993-11,H,5848,0.0,2.598687089456684,2.030095759233926,1993-11-01,1,0,0
1993-11,G,6748,0.0,2.512633101437192,2.107142857142857,1993-11-01,0,0,0
1993-12,G,11212,0.0,2.684143686468664,2.073938637174456,1993-12-01,0,0,0
1993-12,H,9823,0.0,2.68290395596463,2.025043265804744,1993-12-01,1,0,0
1994-01,G,3561,0.0,3.048982746792351,2.107554057848919,1994-01-01,0,0,0
1994-01,H,3233,0.0,2.9441111994854645,1.9931951747602843,1994-01-01,1,0,0
1994-02,G,5150,0.0,3.04140634177042,2.0733980582524274,1994-02-01,0,0,0
1994-02,H,4869,0.0,2.8667520688161474,2.050318340521668,1994-02-01,1,0,0
1994-03,G,8068,0.0,2.956917159186032,2.0920922161626176,1994-03-01,0,0,0
1994-03,H,7343,0.0,3.029625263746196,2.0607381179354487,1994-03-01,1,0,0
1994-04,G,6244,0.0,3.060765389496972,2.1097053171044204,1994-04-01,0,0,0
1994-04,H,5250,0.0,3.1121204536204536,2.056952380952381,1994-04-01,1,0,0
1994-05,G,5975,0.0,3.030246075170761,2.0659414225941424,1994-05-01,0,0,0
1994-05,H,5207,0.0,2.99074794782496,1.9873247551373152,1994-05-01,1,0,0
1994-06,H,6432,0.0,2.9805812881839,2.031871890547264,1994-06-01,1,0,0
1994-06,G,7145,0.0,3.0744447613656853,2.108327501749476,1994-06-01,0,0,0
1994-07,G,6473,0.0,2.9965282554615165,2.060404758226479,1994-07-01,0,0,0
1994-07,H,6017,0.0,2.927255425589313,2.0644839621073623,1994-07-01,1,0,0
1994-08,G,6060,0.0,3.030607336374663,2.115346534653465,1994-08-01,0,0,0
1994-08,H,5569,0.0,2.9673658153861067,2.0296282995151733,1994-08-01,1,0,0
1994-09,G,8012,0.0,2.962855440639545,2.1256864702945584,1994-09-01,0,0,0
1994-09,H,6680,0.0,2.99957073407298,2.035179640718563,1994-09-01,1,0,0
1994-10,G,6617,0.0,2.978835239198697,2.098987456551307,1994-10-01,0,0,0
1994-10,H,5727,0.0,3.068044610841887,2.040684477038589,1994-10-01,1,0,0
1994-11,G,6968,0.0,3.035455983852224,2.125861079219288,1994-11-01,0,0,0
1994-11,H,5996,0.0,3.0416534904943844,2.0320213475650437,1994-11-01,1,0,0
1994-12,H,6811,0.0,3.1877752245796587,2.021729555131405,1994-12-01,1,0,0
1994-12,G,7785,0.0,3.156416420587904,2.121258831085421,1994-12-01,0,0,0
1995-01,G,5199,0.0,3.057855892477935,2.117522600500096,1995-01-01,0,0,0
1995-01,H,4629,0.0,3.121340292254478,2.005184705119896,1995-01-01,1,0,0
1995-02,G,6505,0.0,3.0605200850050966,2.158954650269024,1995-02-01,0,0,0
1995-02,H,5741,0.0,3.0981186273620978,2.0357080647970736,1995-02-01,1,0,0
1995-03,G,8634,0.0,3.1723670446481425,2.111419967570072,1995-03-01,0,0,0
1995-03,H,7749,0.0,3.274817618323232,2.048264292166732,1995-03-01,1,0,0
1995-04,G,6619,0.0,3.164676462682204,2.089590572594048,1995-04-01,0,0,0
1995-04,H,5659,0.0,3.23721426491024,2.039406255522177,1995-04-01,1,0,0
1995-05,G,6572,0.0,3.153643249291454,2.0830797321972003,1995-05-01,0,0,0
1995-05,H,5892,0.0,3.128130057331775,2.024949083503055,1995-05-01,1,0,0
1995-06,H,6817,0.0,3.134591879523668,2.0264045767933108,1995-06-01,1,0,0
1995-06,G,7417,0.0,3.2757795748661325,2.084940002696508,1995-06-01,0,0,0
1995-07,G,6381,0.0,3.2310944231724674,2.092148566055477,1995-07-01,0,0,0
1995-07,H,6001,0.0,3.2193160960574723,2.085485752374604,1995-07-01,1,0,0
1995-08,G,6152,0.0,3.256414319678299,2.119148244473342,1995-08-01,0,0,0
1995-08,H,6027,0.0,3.1585557981277246,2.096897295503567,1995-08-01,1,0,0
1995-09,G,7550,0.0,3.227883092953675,2.115629139072848,1995-09-01,0,0,0
1995-09,H,6678,0.0,3.267707527074104,2.058700209643606,1995-09-01,1,0,0
1995-10,G,6743,0.0,3.227919135423213,2.0812694646299867,1995-10-01,0,0,0
1995-10,H,6070,0.0,3.2230511813831417,2.073476112026359,1995-10-01,1,0,0
1995-11,G,6346,0.0,3.241012725630989,2.098172076898834,1995-11-01,0,0,0
1995-11,H,6034,0.0,3.1734202360818204,2.029499502817368,1995-11-01,1,0,0
1995-12,G,7145,0.0,3.3104864026417564,2.0662001399580125,1995-12-01,0,0,0
1995-12,H,6998,0.0,3.37710769788149,2.014575593026579,1995-12-01,1,0,0
1996-01,H,5203,0.0,3.458694395701891,1.969825100903325,1996-01-01,1,0,0
1996-01,G,6112,0.0,3.448766436806358,2.0358311518324608,1996-01-01,0,0,0
1996-02,G,6494,0.0,3.476652888483039,2.0277178934400983,1996-02-01,0,0,0
1996-02,H,6047,0.0,3.347029334615611,2.0463039523730777,1996-02-01,1,0,0
1996-03,G,8023,0.0,3.344656151941457,2.144958245045494,1996-03-01,0,0,0
1996-03,H,7986,0.0,3.3862531706821715,2.1368645128975707,1996-03-01,1,0,0
1996-04,G,6401,0.0,3.40856906940722,2.0759256366192784,1996-04-01,0,0,0
1996-04,H,6187,0.0,3.535088071600113,2.0399224179731696,1996-04-01,1,0,0
1996-05,G,6818,0.0,3.4314691778024136,2.125550014667058,1996-05-01,0,0,0
1996-05,H,6170,0.0,3.5499041292760904,2.039546191247974,1996-05-01,1,0,0
1996-06,G,6867,0.0,3.386455134674881,2.1130042230959662,1996-06-01,0,0,0
1996-06,H,6529,0.0,3.483334351698573,1.9947924643896464,1996-06-01,1,0,0
1996-07,G,1,0.0,8.0,1.0,1996-07-01,0,0,0
1996-07,G,7158,0.0,3.5294389228169614,2.0476390053087457,1996-07-01,0,0,0
1996-07,H,6615,0.0,3.512399499803128,1.9794406651549508,1996-07-01,1,0,0
1996-08,G,6124,0.0,3.435122870724601,2.0571521881123447,1996-08-01,0,0,0
1996-08,H,5783,0.0,3.4003215159578635,2.019540031125713,1996-08-01,1,0,0
1996-09,G,7041,0.0,3.580851978545843,2.055531884675472,1996-09-01,0,0,0
1996-09,H,6603,0.0,3.477981007331303,2.088747538997425,1996-09-01,1,0,0
1996-10,G,6555,0.0,3.564122339225314,2.1052631578947367,1996-10-01,0,0,0
1996-10,H,6134,0.0,3.4783523141894515,2.0285295076622107,1996-10-01,1,0,0
1996-11,G,6392,0.0,3.533704003938281,2.0696182728410517,1996-11-01,0,0,0
1996-11,H,6039,0.0,3.574832097857433,2.04421261798311,1996-11-01,1,0,0
1996-12,G,7603,0.0,3.705963915664034,2.0679994738918848,1996-12-01,0,0,0
1996-12,H,7256,0.0,3.7956133133985945,1.9738147739801544,1996-12-01,1,0,0
1997-01,H,5634,0.0,3.54419045189812,2.0232516861909837,1997-01-01,1,0,0
1997-01,G,5589,0.0,3.690065884047365,2.0173555197709785,1997-01-01,0,0,0
1997-02,H,6213,0.0,3.674314623892123,2.0661516175760504,1997-02-01,1,0,0
1997-02,G,6246,0.0,3.618260249107992,2.078290105667627,1997-02-01,0,0,0
1997-03,G,8065,0.0,3.591991375539113,2.092002479851209,1997-03-01,0,0,0
1997-03,H,7825,0.0,3.658284647549823,2.103769968051118,1997-03-01,1,0,0
1997-04,G,6496,0.0,3.7984575051385394,2.080357142857143,1997-04-01,0,0,0
1997-04,H,6454,0.0,3.71808272082908,2.096219398822436,1997-04-01,1,0,0
1997-05,G,6877,0.0,3.880748928498674,2.0279191507924965,1997-05-01,0,0,0
1997-05,H,6561,0.0,3.704878121167559,2.010973936899863,1997-05-01,1,0,0
1997-06,G,7481,0.0,3.9411097049514376,2.0477208929287527,1997-06-01,0,0,0
1997-06,H,7190,0.0,3.819737470843173,2.002364394993046,1997-06-01,1,0,0
1997-07,H,2,0.0,7.0,1.0,1997-07-01,1,0,0
1997-07,G,7,0.0,9.16190476190476,2.571428571428572,1997-07-01,0,0,0
1997-07,H,6971,0.0,3.64819541780523,2.0865012193372543,1997-07-01,1,0,0
1997-07,G,7449,0.0,3.8172560423869326,2.112766814337495,1997-07-01,0,0,0
1997-08,H,5890,0.0,3.736465469778288,2.0563667232597624,1997-08-01,1,0,0
1997-08,H,9,0.0,8.185185185185185,2.333333333333333,1997-08-01,1,0,0
1997-08,G,9,0.0,8.998148148148148,2.6666666666666665,1997-08-01,0,0,0
1997-08,G,6271,0.0,3.8481058121346754,2.071439961728592,1997-08-01,0,0,0
1997-09,H,7264,0.0,3.6908088704843247,2.126238986784141,1997-09-01,1,0,0
1997-09,H,11,0.0,15.990909090909092,2.8181818181818183,1997-09-01,1,0,0
1997-09,G,11,0.0,13.615151515151512,1.818181818181818,1997-09-01,0,0,0
1997-09,G,8096,0.0,3.8754698919790194,2.100419960474308,1997-09-01,0,0,0
1997-10,G,7577,0.0,3.9512340866685536,2.0794509700409134,1997-10-01,0,0,0
1997-10,H,7307,0.0,3.9145508404130274,2.0539208977692622,1997-10-01,1,0,0
1997-10,H,12,0.0,7.927083333333333,3.583333333333333,1997-10-01,1,0,0
1997-10,G,14,0.0,6.059523809523809,2.357142857142857,1997-10-01,0,0,0
1997-11,H,9,0.0,11.481481481481485,2.4444444444444446,1997-11-01,1,0,0
1997-11,G,19,0.0,7.80195681511471,3.0,1997-11-01,0,0,0
1997-11,G,6685,0.0,3.875341452779748,2.0463724756918475,1997-11-01,0,0,0
1997-11,H,6530,0.0,3.9642633587273712,2.016539050535988,1997-11-01,1,0,0
1997-12,G,16,0.0,11.989583333333334,1.8125,1997-12-01,0,0,0
1997-12,H,26,0.0,7.580067155067155,2.769230769230769,1997-12-01,1,0,0
1997-12,H,7939,0.0,4.141424210630031,2.028089179997481,1997-12-01,1,0,0
1997-12,G,8098,0.0,4.242537488101208,2.019264015806372,1997-12-01,0,0,0
1998-01,H,5895,0.0,4.053447726997345,2.0274809160305343,1998-01-01,1,0,0
1998-01,G,5962,0.0,4.077629236003104,2.038409929553841,1998-01-01,0,0,0
1998-01,H,19,0.0,8.992230576441102,2.526315789473684,1998-01-01,1,0,0
1998-01,G,14,0.0,11.685714285714283,3.0,1998-01-01,0,0,0
1998-02,H,6571,0.0,3.8945426903538314,2.0607213513924822,1998-02-01,1,0,0
1998-02,G,6936,0.0,4.053380281851302,2.074826989619377,1998-02-01,0,0,0
1998-02,H,15,0.0,5.516666666666667,1.8666666666666667,1998-02-01,1,0,0
1998-02,G,16,0.0,7.348958333333333,2.375,1998-02-01,0,0,0
1998-03,H,9300,0.0,3.889405679147615,2.073870967741936,1998-03-01,1,0,0
1998-03,G,40,0.0,6.961309523809524,3.0,1998-03-01,0,0,0
1998-03,H,28,0.0,7.028273809523809,2.5,1998-03-01,1,0,0
1998-03,G,9431,0.0,3.988202726861141,2.072420740112395,1998-03-01,0,0,0
1998-04,G,34,0.0,7.87843137254902,2.176470588235294,1998-04-01,0,0,0
1998-04,H,31,0.0,7.01884280593958,3.6774193548387095,1998-04-01,1,0,0
1998-04,H,6949,0.0,3.979641341493766,2.039574039430134,1998-04-01,1,0,0
1998-04,G,7122,0.0,4.055329382288656,2.0951979780960404,1998-04-01,0,0,0
1998-05,G,42,0.0,7.790079365079365,2.071428571428572,1998-05-01,0,0,0
1998-05,G,6392,0.0,4.157992165781879,2.0531914893617023,1998-05-01,0,0,0
1998-05,H,6397,0.0,4.0854376228829095,2.0211036423323434,1998-05-01,1,0,0
1998-05,H,31,0.0,7.587480798771121,2.4516129032258065,1998-05-01,1,0,0
1998-06,G,82,0.0,10.623373983739835,2.109756097560976,1998-06-01,0,0,0
1998-06,G,7944,0.0,4.045526265788827,2.104103726082578,1998-06-01,0,0,0
1998-06,H,7879,0.0,4.083364301082286,2.070059652240132,1998-06-01,1,0,0
1998-06,H,90,0.0,10.357592592592592,2.8666666666666667,1998-06-01,1,0,0
1998-07,G,7257,0.0,4.049201755940078,2.0533278214138075,1998-07-01,0,0,0
1998-07,H,7027,0.0,4.100753007612452,2.027180873772592,1998-07-01,1,0,0
1998-07,G,265,0.0,10.695360886492962,2.4037735849056605,1998-07-01,0,0,0
1998-07,H,323,0.0,9.567551231018722,2.56656346749226,1998-07-01,1,0,0
1998-08,H,5863,0.0,4.018624436094162,2.1159815793962133,1998-08-01,1,0,0
1998-08,G,5903,0.0,4.102784701886853,2.07504658648145,1998-08-01,0,0,0
1998-08,G,263,0.0,11.10479564795154,2.6159695817490496,1998-08-01,0,0,0
1998-08,H,291,0.0,11.753921050312805,2.288659793814433,1998-08-01,1,0,0
1998-09,G,369,0.0,9.581703602028805,2.758807588075881,1998-09-01,0,0,0
1998-09,H,359,0.0,10.471020027635626,2.423398328690808,1998-09-01,1,0,0
1998-09,H,6989,0.0,4.263981988266578,2.057232794391186,1998-09-01,1,0,0
1998-09,G,7632,0.0,4.080155379939185,2.0648584905660377,1998-09-01,0,0,0
1998-10,G,344,0.0,10.575332225913622,2.633720930232558,1998-10-01,0,0,0
1998-10,H,326,0.0,10.987616996339147,2.6012269938650308,1998-10-01,1,0,0
1998-10,H,6581,0.0,4.218901290676097,2.0784075368485038,1998-10-01,1,0,0
1998-10,G,6910,0.0,4.192464365954541,2.080173661360347,1998-10-01,0,0,0
1998-11,G,303,0.0,10.106573812143118,2.5247524752475248,1998-11-01,0,0,0
1998-11,H,343,0.0,10.97673654495812,2.5801749271137027,1998-11-01,1,0,0
1998-11,H,6262,0.0,4.161304101874207,2.058607473650591,1998-11-01,1,0,0
1998-11,G,6433,0.0,4.176870961396067,2.046012746774444,1998-11-01,0,0,0
1998-12,G,345,0.0,10.25717621348056,2.550724637681159,1998-12-01,0,0,0
1998-12,H,7639,0.0,4.1278325945265335,2.034166775755989,1998-12-01,1,0,0
1998-12,G,7597,0.0,4.340346506491038,2.025931288666579,1998-12-01,0,0,0
1998-12,H,425,0.0,10.993875423853751,2.5364705882352943,1998-12-01,1,0,0
1999-01,G,270,0.0,9.946033215755438,2.637037037037037,1999-01-01,0,0,0
1999-01,H,332,0.0,11.114371772805509,2.316265060240964,1999-01-01,1,0,0
1999-01,G,5391,0.0,4.270712476149901,2.094416620293081,1999-01-01,0,0,0
1999-01,H,5499,0.0,4.241054171727931,2.076195671940353,1999-01-01,1,0,0
1999-02,G,6604,0.0,4.332071914306166,2.0576923076923075,1999-02-01,0,0,0
1999-02,H,6527,0.0,4.312440639302138,2.036463919105255,1999-02-01,1,0,0
1999-02,G,356,0.0,10.711203122719978,2.6741573033707864,1999-02-01,0,0,0
1999-02,H,319,0.0,9.483692048112111,2.614420062695925,1999-02-01,1,0,0
1999-03,G,444,0.0,10.147360066110066,2.5675675675675675,1999-03-01,0,0,0
1999-03,H,440,0.0,10.435742243867244,2.534090909090909,1999-03-01,1,0,0
1999-03,G,9552,0.0,4.0873601568399085,2.0888819095477387,1999-03-01,0,0,0
1999-03,H,9063,0.0,4.0905520494135486,2.09853249475891,1999-03-01,1,0,0
1999-04,G,6477,0.0,4.390050313452352,2.0464721321599506,1999-04-01,0,0,0
1999-04,H,399,0.0,10.298862867847827,2.508771929824561,1999-04-01,1,0,0
1999-04,G,346,0.0,10.234585741811175,2.3439306358381504,1999-04-01,0,0,0
1999-04,H,6526,0.0,4.236077095428153,2.08243947287772,1999-04-01,1,0,0
1999-05,G,6082,0.0,4.291589285061827,2.031075304176258,1999-05-01,0,0,0
1999-05,H,427,0.0,10.651977790619478,2.5737704918032787,1999-05-01,1,0,0
1999-05,G,411,0.0,10.832309890704051,2.5036496350364965,1999-05-01,0,0,0
1999-05,H,5978,0.0,4.213054369239548,2.028939444630311,1999-05-01,1,0,0
1999-06,G,509,0.0,9.815189787291947,2.522593320235756,1999-06-01,0,0,0
1999-06,G,7298,0.0,4.50568502627971,2.077829542340367,1999-06-01,0,0,0
1999-06,H,7401,0.0,4.398642938248228,2.046480205377652,1999-06-01,1,0,0
1999-06,H,535,0.0,9.585863373386738,2.519626168224299,1999-06-01,1,0,0
1999-07,H,6504,0.0,4.470141773116866,2.072878228782288,1999-07-01,1,0,0
1999-07,H,549,0.0,9.174358140341749,2.544626593806921,1999-07-01,1,0,0
1999-07,G,436,0.0,9.7516874180865,2.589449541284404,1999-07-01,0,0,0
1999-07,G,6794,0.0,4.258116727497799,2.1271710332646454,1999-07-01,0,0,0
1999-08,G,5893,0.0,4.2672293649936615,2.1377905990157813,1999-08-01,0,0,0
1999-08,H,5718,0.0,4.196161939183975,2.078174186778594,1999-08-01,1,0,0
1999-08,G,364,0.0,9.799663006228132,2.8241758241758244,1999-08-01,0,0,0
1999-08,H,453,0.0,9.969497004099653,2.554083885209713,1999-08-01,1,0,0
1999-09,G,461,0.0,9.854116153790777,2.6052060737527114,1999-09-01,0,0,0
1999-09,G,7871,0.0,4.349291294731742,2.117774107483166,1999-09-01,0,0,0
1999-09,H,7243,0.0,4.246943872164775,2.0902940770399008,1999-09-01,1,0,0
1999-09,H,610,0.0,10.082414602701489,2.5098360655737704,1999-09-01,1,0,0
1999-10,H,5916,0.0,4.276409384389115,2.125760649087221,1999-10-01,1,0,0
1999-10,G,6322,0.0,4.3396907694400575,2.1720974375197724,1999-10-01,0,0,0
1999-10,H,504,0.0,9.564867143438573,2.626984126984127,1999-10-01,1,0,0
1999-10,G,477,0.0,9.885976188963612,2.733752620545073,1999-10-01,0,0,0
1999-11,H,6285,0.0,4.505321749981654,2.056801909307876,1999-11-01,1,0,0
1999-11,H,532,0.0,9.70120715750415,2.524436090225564,1999-11-01,1,0,0
1999-11,G,6880,0.0,4.337384129920467,2.1315406976744184,1999-11-01,0,0,0
1999-11,G,478,0.0,9.842886199110048,2.5543933054393304,1999-11-01,0,0,0
1999-12,H,692,0.0,9.323855086788614,2.5289017341040463,1999-12-01,1,0,0
1999-12,G,550,0.0,9.811425957880504,2.6145454545454547,1999-12-01,0,0,0
1999-12,H,7091,0.0,4.438541686380496,2.1335495698773093,1999-12-01,1,0,0
1999-12,G,7519,0.0,4.48343614646647,2.116770847187126,1999-12-01,0,0,0
2000-01,G,5770,0.0,5.085826893595525,2.1391681109185443,2000-01-01,0,0,0
2000-01,H,5676,0.0,4.864581734871111,2.1367159971811134,2000-01-01,1,0,0
2000-02,G,7374,0.0,5.034445882860298,2.119473826959588,2000-02-01,0,0,0
2000-02,H,7143,0.0,4.938237454753624,2.1731765364692706,2000-02-01,1,0,0
2000-03,G,10884,0.0,5.004068218814998,2.155273796398383,2000-03-01,0,0,0
2000-03,H,10203,0.0,4.676678167565363,2.1531902381652457,2000-03-01,1,0,0
2000-04,G,7616,0.0,5.039457103864273,2.139180672268908,2000-04-01,0,0,0
2000-04,H,6672,0.0,4.945080002015703,2.156474820143885,2000-04-01,1,0,0
2000-05,H,7102,0.0,4.983319618612907,2.13460996902281,2000-05-01,1,0,0
2000-05,G,8113,0.0,5.481340382640765,2.080364846542586,2000-05-01,0,0,0
2000-06,G,9309,0.0,5.197127622478801,2.1061338489633687,2000-06-01,0,0,0
2000-06,H,8219,0.0,4.900125200771569,2.1556150383258306,2000-06-01,1,0,0
2000-07,G,7976,0.0,5.186902704045124,2.1410481444333,2000-07-01,0,0,0
2000-07,H,7029,0.0,4.885370076383985,2.173282116944089,2000-07-01,1,0,0
2000-08,G,8069,0.0,5.365714781996882,2.13954641219482,2000-08-01,0,0,0
2000-08,H,7013,0.0,4.927816271412618,2.196064451732497,2000-08-01,1,0,0
2000-09,H,8226,0.0,4.857635183666258,2.157913931436908,2000-09-01,1,0,0
2000-09,G,9862,0.0,5.157345679971072,2.2017846278645306,2000-09-01,0,0,0
2000-10,G,8544,0.0,5.248132808657738,2.190074906367041,2000-10-01,0,0,0
2000-10,H,6825,0.0,5.062818067158727,2.211135531135531,2000-10-01,1,0,0
2000-11,G,8377,0.0,5.333227567201544,2.1693923839083205,2000-11-01,0,0,0
2000-11,H,7205,0.0,4.868204657937483,2.191672449687717,2000-11-01,1,0,0
2000-12,G,9599,0.0,5.272102795342196,2.1689759349932283,2000-12-01,0,0,0
2000-12,H,8028,0.0,5.134752988181614,2.131165919282511,2000-12-01,1,0,0
2001-01,H,6036,0.0,5.055454016475388,2.147779986746189,2001-01-01,1,0,0
2001-01,G,6852,0.0,5.379225057147561,2.1246351430239345,2001-01-01,0,0,0
2001-02,H,6921,0.0,4.900500644680001,2.2057506140731107,2001-02-01,1,0,0
2001-02,G,8077,0.0,5.454258833554984,2.198217159836573,2001-02-01,0,0,0
2001-03,G,12776,0.0,5.288357021810947,2.155056355666876,2001-03-01,0,0,0
2001-03,H,10325,0.0,4.852257332928035,2.184600484261501,2001-03-01,1,0,0
2001-04,H,6837,0.0,4.909362776969183,2.148603188532982,2001-04-01,1,0,0
2001-04,G,7888,0.0,5.496205267061221,2.18762677484787,2001-04-01,0,0,0
2001-05,G,8320,0.0,5.413357490493215,2.165625,2001-05-01,0,0,0
2001-05,H,7399,0.0,4.888879001605384,2.207595621029869,2001-05-01,1,0,0
2001-06,G,9038,0.0,5.313091562091617,2.171940694843992,2001-06-01,0,0,0
2001-06,H,7987,0.0,4.888942095840807,2.172405158382371,2001-06-01,1,0,0
2001-07,G,8294,0.0,5.596086136286884,2.184591270798167,2001-07-01,0,0,0
2001-07,H,7389,0.0,5.099827802608964,2.144674516172689,2001-07-01,1,0,0
2001-08,G,7913,0.0,5.4735773090663775,2.1476052066220146,2001-08-01,0,0,0
2001-08,H,7290,0.0,5.270352577235293,2.225377229080933,2001-08-01,1,0,0
2001-09,H,8378,0.0,4.987327437890538,2.2180711386965863,2001-09-01,1,0,0
2001-09,G,10251,0.0,5.2752148040877405,2.168373817188567,2001-09-01,0,0,0
2001-10,H,6972,0.0,4.964817992614894,2.2096959265633966,2001-10-01,1,0,0
2001-10,G,7589,0.0,5.335089775160931,2.159045987613651,2001-10-01,0,0,0
2001-11,G,8199,0.0,5.337617639099527,2.179534089523113,2001-11-01,0,0,0
2001-11,H,7173,0.0,4.915250374577016,2.188624006691761,2001-11-01,1,0,0
2001-12,G,8497,0.0,5.314718874581819,2.15358361774744,2001-12-01,0,0,0
2001-12,H,7788,0.0,5.077497862734766,2.188623523369286,2001-12-01,1,0,0
2002-01,G,6606,0.0,5.1236057976067055,2.180593399939449,2002-01-01,0,0,0
2002-01,H,6243,0.0,4.961110255007419,2.173314111805222,2002-01-01,1,0,0
2002-02,G,7518,0.0,5.190628296032169,2.181298217611067,2002-02-01,0,0,0
2002-02,H,7105,0.0,5.061646027363832,2.222519352568613,2002-02-01,1,0,0
2002-03,H,9697,0.0,4.85397419112986,2.192224399298752,2002-03-01,1,0,0
2002-03,G,11281,0.0,5.032379058835177,2.1820760570871376,2002-03-01,0,0,0
2002-04,H,7128,0.0,4.939973912404468,2.2512626262626263,2002-04-01,1,0,0
2002-04,G,7641,0.0,5.20770677931239,2.2401518125899758,2002-04-01,0,0,0
2002-05,G,7885,0.0,5.200477225867207,2.2029169308814205,2002-05-01,0,0,0
2002-05,H,7260,0.0,4.875437230545702,2.2365013774104683,2002-05-01,1,0,0
2002-06,G,7745,0.0,5.273369023201173,2.227630729502905,2002-06-01,0,0,0
2002-06,H,7073,0.0,5.025141612240439,2.188180404354588,2002-06-01,1,0,0
2002-07,G,8082,0.0,5.145774806251792,2.1868349418460777,2002-07-01,0,0,0
2002-07,H,7443,0.0,4.924563169152045,2.184199919387344,2002-07-01,1,0,0
2002-08,G,7623,0.0,5.1242782932373645,2.2306178669815035,2002-08-01,0,0,0
2002-08,H,7214,0.0,4.877721407408474,2.2626836706404214,2002-08-01,1,0,0
2002-09,H,7375,0.0,4.822805667590413,2.232271186440678,2002-09-01,1,0,0
2002-09,G,8383,0.0,5.049737656474505,2.273291184540141,2002-09-01,0,0,0
2002-10,G,7558,0.0,5.1168159658914485,2.2438475787245302,2002-10-01,0,0,0
2002-10,H,6976,0.0,4.917340405596569,2.2188933486238533,2002-10-01,1,0,0
2002-11,G,7260,0.0,5.129433146437279,2.172314049586777,2002-11-01,0,0,0
2002-11,H,7099,0.0,4.95317525754207,2.2270742358078603,2002-11-01,1,0,0
2002-12,G,8383,0.0,5.238844352518767,2.1947989979720863,2002-12-01,0,0,0
2002-12,H,7661,0.0,4.99692290479394,2.2229473959013184,2002-12-01,1,0,0
2003-01,H,6239,0.0,5.088538673664496,2.208046161243789,2003-01-01,1,0,0
2003-01,G,6593,0.0,5.081665274661634,2.178370999544972,2003-01-01,0,0,0
2003-02,G,7583,0.0,5.030849184929907,2.2007121192140318,2003-02-01,0,0,0
2003-02,H,6855,0.0,4.842241462241463,2.215171407731583,2003-02-01,1,0,0
2003-03,G,10701,0.0,4.810566783921803,2.2490421455938696,2003-03-01,0,0,0
2003-03,H,9515,0.0,4.842650364465919,2.2094587493431423,2003-03-01,1,0,0
2003-04,G,6900,0.0,5.3057285562666,2.2105797101449274,2003-04-01,0,0,0
2003-04,H,6775,0.0,5.063245422136892,2.2261254612546124,2003-04-01,1,0,0
2003-05,G,7576,0.0,5.16900096413032,2.243532206969377,2003-05-01,0,0,0
2003-05,H,6991,0.0,5.059320921929992,2.2169932770705194,2003-05-01,1,0,0
2003-06,G,8314,0.0,5.23386757677412,2.204835217705076,2003-06-01,0,0,0
2003-06,H,7680,0.0,4.945561548911158,2.2078125,2003-06-01,1,0,0
2003-07,G,7473,0.0,5.156036846979239,2.222802087515054,2003-07-01,0,0,0
2003-07,H,7254,0.0,5.070082636744133,2.21505376344086,2003-07-01,1,0,0
2003-08,G,6819,0.0,5.304887588643185,2.23199882680745,2003-08-01,0,0,0
2003-08,H,6473,0.0,5.059916343590838,2.239765178433493,2003-08-01,1,0,0
2003-09,H,8125,0.0,4.96704124695817,2.2268307692307694,2003-09-01,1,0,0
2003-09,G,8762,0.0,5.181565915950189,2.2308833599634785,2003-09-01,0,0,0
2003-10,G,7487,0.0,5.23026028110174,2.2627220515560302,2003-10-01,0,0,0
2003-10,H,7109,0.0,5.112764371809244,2.251652834435223,2003-10-01,1,0,0
2003-11,G,6708,0.0,5.487830234844993,2.2036374478234944,2003-11-01,0,0,0
2003-11,H,6386,0.0,5.211742548522223,2.2373943000313186,2003-11-01,1,0,0
2003-12,G,8575,0.0,5.38223517259853,2.214460641399417,2003-12-01,0,0,0
2003-12,H,8504,0.0,5.309740912374966,2.2275399811853247,2003-12-01,1,0,0
2004-01,G,6390,0.0,5.272703182315858,2.2142410015649454,2004-01-01,0,0,0
2004-01,H,6096,0.0,5.082985703404399,2.260990813648294,2004-01-01,1,0,0
2004-02,G,7489,0.0,5.24871264328108,2.240486046201095,2004-02-01,0,1,0
2004-02,H,7099,0.0,5.077617775182677,2.2439780250739543,2004-02-01,1,1,1
2004-03,G,13410,0.0,5.146484016646209,2.191946308724832,2004-03-01,0,1,0
2004-03,H,11545,0.0,4.941267864035296,2.2450411433521005,2004-03-01,1,1,1
2004-04,G,6955,0.0,5.329540709604655,2.315887850467289,2004-04-01,0,1,0
2004-04,H,6646,0.0,5.107828136687601,2.238639783328318,2004-04-01,1,1,1
2004-05,H,6210,0.0,5.182661161281022,2.244122383252818,2004-05-01,1,1,1
2004-05,G,6739,0.0,5.441453472826821,2.246030568333581,2004-05-01,0,1,0
2004-06,G,8467,0.0,5.444204886684513,2.2829809850005907,2004-06-01,0,1,0
2004-06,H,7925,0.0,5.458907687825669,2.2214511041009466,2004-06-01,1,1,1
2004-07,G,7673,0.0,5.328103531386145,2.3129154176984232,2004-07-01,0,1,0
2004-07,H,7332,0.0,5.181195168715627,2.3061920349154392,2004-07-01,1,1,1
2004-08,G,7219,0.0,5.389550667660517,2.2429699404349632,2004-08-01,0,1,0
2004-08,H,6824,0.0,5.37411672615809,2.2810668229777256,2004-08-01,1,1,1
2004-09,G,9736,0.0,5.381387893907077,2.2377773212818406,2004-09-01,0,1,0
2004-09,H,8768,0.0,5.201613154189032,2.27896897810219,2004-09-01,1,1,1
2004-10,G,6902,0.0,5.308136525247508,2.2691973341060563,2004-10-01,0,1,0
2004-10,H,6860,0.0,5.500186207135915,2.2266763848396502,2004-10-01,1,1,1
2004-11,G,7894,0.0,5.326061975352576,2.223587534836585,2004-11-01,0,1,0
2004-11,H,7612,0.0,5.300264952248663,2.245927482921702,2004-11-01,1,1,1
2004-12,H,8483,0.0,5.307552310533185,2.2745490981963927,2004-12-01,1,1,1
2004-12,G,8846,0.0,5.615517207564461,2.145263395885146,2004-12-01,0,1,0
2005-01,H,6530,0.0,5.392600874750569,2.1813169984686063,2005-01-01,1,1,1
2005-01,H,1,0.0,0.5,2.0,2005-01-01,1,1,1
2005-01,G,6573,0.0,5.5996465825197,2.171915411532025,2005-01-01,0,1,0
2005-02,G,7928,0.0,5.493135558801553,2.1612008072653883,2005-02-01,0,1,0
2005-02,H,7618,0.0,5.315291650241768,2.21199789971121,2005-02-01,1,1,1
2005-03,G,13505,0.0,5.317667974585783,2.197852647167716,2005-03-01,0,1,0
2005-03,H,11995,0.0,5.078979460167456,2.191913297207169,2005-03-01,1,1,1
2005-04,G,6748,0.0,5.499258218482433,2.243627741553053,2005-04-01,0,1,0
2005-04,H,6954,0.0,5.23864691036283,2.2516537244751222,2005-04-01,1,1,1
2005-05,G,6994,0.0,5.648399063619147,2.268658850443237,2005-05-01,0,1,0
2005-05,H,6884,0.0,5.386499305539834,2.2298082510168507,2005-05-01,1,1,1
2005-06,G,8656,0.0,5.693478675834845,2.2211182994454712,2005-06-01,0,1,0
2005-06,H,8426,0.0,5.505654371164487,2.243175884168051,2005-06-01,1,1,1
2005-07,H,7397,0.0,5.4136743054310985,2.2365823982695687,2005-07-01,1,1,1
2005-07,G,7755,0.0,5.520684094185062,2.244229529335912,2005-07-01,0,1,0
2005-08,G,7936,0.0,5.539180960941184,2.2213961693548385,2005-08-01,0,1,0
2005-08,H,7559,0.0,5.269278907948045,2.2681571636459847,2005-08-01,1,1,1
2005-09,G,9772,0.0,5.552080443888671,2.230249693000409,2005-09-01,0,1,0
2005-09,H,9186,0.0,5.118126172971862,2.261049423035053,2005-09-01,1,1,1
2005-10,G,6975,0.0,5.431247875955656,2.251326164874552,2005-10-01,0,1,0
2005-10,H,6941,0.0,5.390838940230238,2.227921048840225,2005-10-01,1,1,1
2005-11,G,7577,0.0,5.4392579398275815,2.244159957766926,2005-11-01,0,1,0
2005-11,H,7458,0.0,5.33236107289808,2.29431482971306,2005-11-01,1,1,1
2005-12,G,8487,0.0,5.46502956940237,2.266525273948392,2005-12-01,0,1,0
2005-12,H,8645,0.0,5.324384967740954,2.2887218045112783,2005-12-01,1,1,1
2006-01,G,6499,0.0,5.46452566278501,2.256962609632251,2006-01-01,0,1,0
2006-01,H,6489,0.0,5.240991342436096,2.271536446293728,2006-01-01,1,1,1
2006-02,G,7847,0.0,5.359028794775034,2.218427424493437,2006-02-01,0,1,0
2006-02,H,7800,0.0,5.025809694934694,2.255,2006-02-01,1,1,1
2006-03,G,12018,0.0,5.27285963942616,2.17873190214678,2006-03-01,0,1,0
2006-03,H,11651,0.0,5.06582811446557,2.226589992275341,2006-03-01,1,1,1
2006-04,H,6641,0.0,5.340968758274134,2.224664960096371,2006-04-01,1,1,1
2006-04,G,6735,0.0,5.370686777904278,2.2596881959910915,2006-04-01,0,1,0
2006-05,G,6774,0.0,5.533199376632084,2.2204015352819604,2006-05-01,0,1,0
2006-05,H,6825,0.0,5.313468587578478,2.2672527472527477,2006-05-01,1,1,1
2006-06,G,7926,0.0,5.610960741710913,2.2547312641937927,2006-06-01,0,1,0
2006-06,H,8023,0.0,5.55709723164229,2.275956624703976,2006-06-01,1,1,1
2006-07,G,6939,0.0,5.485518005157002,2.2670413604265742,2006-07-01,0,1,0
2006-07,H,6923,0.0,5.484023958290894,2.2743030478116424,2006-07-01,1,1,1
2006-08,G,7128,0.0,5.394476112253946,2.235409652076319,2006-08-01,0,1,0
2006-08,H,7259,0.0,5.412403434376158,2.2792395646783303,2006-08-01,1,1,1
2006-09,G,8802,0.0,5.4215385158594085,2.2122244944330838,2006-09-01,0,1,0
2006-09,H,8511,0.0,5.14829352294985,2.267536129714487,2006-09-01,1,1,1
2006-10,G,7023,0.0,5.306806351210452,2.323508472162893,2006-10-01,0,1,0
2006-10,H,7304,0.0,5.402612905227911,2.23986856516977,2006-10-01,1,1,1
2006-11,G,7138,0.0,5.38222495551054,2.2347996637713647,2006-11-01,0,1,0
2006-11,H,7277,0.0,5.4399799809309215,2.2485914525216435,2006-11-01,1,1,1
2006-12,G,8367,0.0,5.552143585135744,2.240588024381499,2006-12-01,0,1,0
2006-12,H,8376,0.0,5.429114039738408,2.308261700095511,2006-12-01,1,1,1
2007-01,G,6172,0.0,5.499225731962285,2.2150032404407,2007-01-01,0,1,0
2007-01,H,6398,0.0,5.314763751886681,2.3080650203188497,2007-01-01,1,1,1
2007-02,G,7338,0.0,5.353517547456631,2.218315617334424,2007-02-01,0,1,0
2007-02,H,7368,0.0,5.300897303248688,2.2721226927252984,2007-02-01,1,1,1
2007-03,H,15,0.0,6.573333333333333,2.8,2007-03-01,1,1,1
2007-03,G,11554,0.0,5.258331154929736,2.21308637701229,2007-03-01,0,1,0
2007-03,H,11416,0.0,5.093646322921025,2.218903293622985,2007-03-01,1,1,1
2007-03,G,2,0.0,3.625,4.0,2007-03-01,0,1,0
2007-04,G,6017,0.0,5.495567143805347,2.2755526009639357,2007-04-01,0,1,0
2007-04,H,30,0.0,7.463888888888889,2.6333333333333333,2007-04-01,1,1,1
2007-04,G,23,0.0,6.361283643892341,2.3043478260869565,2007-04-01,0,1,0
2007-04,H,6415,0.0,5.19465561891127,2.3359314107560407,2007-04-01,1,1,1
2007-05,G,6598,0.0,5.428695174011937,2.262352227947863,2007-05-01,0,1,0
2007-05,G,14,0.0,12.090476190476192,2.4285714285714284,2007-05-01,0,1,0
2007-05,H,6925,0.0,5.312076899233939,2.244476534296029,2007-05-01,1,1,1
2007-05,H,40,0.0,10.172916666666667,2.25,2007-05-01,1,1,1
2007-06,H,75,0.0,8.204190476190476,3.026666666666667,2007-06-01,1,1,1
2007-06,H,7159,0.0,5.287135729816272,2.281603575918425,2007-06-01,1,1,1
2007-06,G,25,0.0,9.5,2.32,2007-06-01,0,1,0
2007-06,G,7066,0.0,5.384603636626854,2.264930653835268,2007-06-01,0,1,0
2007-07,H,6779,0.0,5.207637895672526,2.252544623100752,2007-07-01,1,1,1
2007-07,G,20,0.0,12.520833333333332,2.2,2007-07-01,0,1,0
2007-07,G,6810,0.0,5.397235645024742,2.2130690161527165,2007-07-01,0,1,0
2007-07,H,33,0.0,8.018831168831168,2.484848484848485,2007-07-01,1,1,1
2007-08,H,6980,0.0,5.111478164810523,2.3002865329512896,2007-08-01,1,1,1
2007-08,G,6796,0.0,5.282066106021374,2.241465567981165,2007-08-01,0,1,0
2007-08,G,28,0.0,10.66845238095238,2.357142857142857,2007-08-01,0,1,0
2007-08,H,53,0.0,8.496540880503144,2.509433962264151,2007-08-01,1,1,1
2007-09,H,7424,0.0,5.186704250408215,2.2952586206896552,2007-09-01,1,1,1
2007-09,H,51,0.0,7.611111111111112,2.6862745098039214,2007-09-01,1,1,1
2007-09,G,7541,0.0,5.308941428033723,2.200769128762764,2007-09-01,0,1,0
2007-09,G,17,0.0,9.53529411764706,2.8823529411764706,2007-09-01,0,1,0
2007-10,G,37,0.0,11.04954954954955,2.108108108108108,2007-10-01,0,1,0
2007-10,H,6934,0.0,5.13167223123958,2.2884338044418806,2007-10-01,1,1,1
2007-10,G,6890,0.0,5.177859980287412,2.268214804063861,2007-10-01,0,1,0
2007-10,H,63,0.0,8.75952380952381,2.571428571428572,2007-10-01,1,1,1
2007-11,H,80,0.0,7.487708333333333,2.8875,2007-11-01,1,1,1
2007-11,G,6778,0.0,5.222929377923477,2.2680731779285925,2007-11-01,0,1,0
2007-11,G,54,0.0,8.135141093474427,2.9444444444444446,2007-11-01,0,1,0
2007-11,H,6829,0.0,5.223056710540236,2.27251427734661,2007-11-01,1,1,1
2007-12,G,62,0.0,8.712976539589443,2.838709677419355,2007-12-01,0,1,0
2007-12,H,101,0.0,8.036221122112211,2.722772277227723,2007-12-01,1,1,1
2007-12,H,7754,0.0,5.129572537126703,2.279726592726335,2007-12-01,1,1,1
2007-12,G,7662,0.0,5.227561619476263,2.2941790655181413,2007-12-01,0,1,0
2008-01,G,55,0.0,10.47008658008658,2.672727272727273,2008-01-01,0,1,0
2008-01,H,6264,0.0,5.185805775083792,2.2496807151979565,2008-01-01,1,1,1
2008-01,G,5798,0.0,5.261682666438617,2.318903070024146,2008-01-01,0,1,0
2008-01,H,99,0.0,9.330992464325798,2.525252525252525,2008-01-01,1,1,1
2008-02,H,7318,0.0,5.152597462132172,2.264006559169172,2008-02-01,1,1,1
2008-02,G,7236,0.0,5.415415791980884,2.190022111663903,2008-02-01,0,1,0
2008-02,G,86,0.0,8.185294389073459,2.744186046511628,2008-02-01,0,1,0
2008-02,H,98,0.0,7.486844023323615,2.857142857142857,2008-02-01,1,1,1
2008-03,H,9951,0.0,4.724175099844113,2.31795799417144,2008-03-01,1,1,1
2008-03,G,343,0.0,7.71059775177851,2.877551020408163,2008-03-01,0,1,0
2008-03,H,410,0.0,8.71681378242354,2.709756097560976,2008-03-01,1,1,1
2008-03,G,10374,0.0,4.924934923463507,2.195970695970696,2008-03-01,0,1,0
2008-04,H,609,0.0,8.453740844997002,3.006568144499179,2008-04-01,1,1,1
2008-04,G,509,0.0,8.759207568244896,2.699410609037328,2008-04-01,0,1,0
2008-04,G,5639,0.0,5.07394188046786,2.1807057989005143,2008-04-01,0,1,0
2008-04,H,6068,0.0,4.923549232390696,2.199406723796968,2008-04-01,1,1,1
2008-05,G,490,0.0,9.455725844450336,2.846938775510204,2008-05-01,0,1,0
2008-05,G,5546,0.0,4.9721351538832605,2.249729534799856,2008-05-01,0,1,0
2008-05,H,5993,0.0,4.7761179725867695,2.2606374103120306,2008-05-01,1,1,1
2008-05,H,569,0.0,8.547804733832853,2.8945518453427064,2008-05-01,1,1,1
2008-06,G,6505,0.0,4.815297822570253,2.2598001537279018,2008-06-01,0,1,0
2008-06,H,6929,0.0,4.855140142165688,2.2300476259200464,2008-06-01,1,1,1
2008-06,G,563,0.0,8.606676097964888,2.847246891651865,2008-06-01,0,1,0
2008-06,H,736,0.0,8.667654416839198,2.7309782608695654,2008-06-01,1,1,1
2008-07,H,6511,0.0,4.702846788018037,2.2660113653816616,2008-07-01,1,1,1
2008-07,G,482,0.0,8.891242453949923,2.678423236514522,2008-07-01,0,1,0
2008-07,H,670,0.0,7.951256811182185,2.9477611940298507,2008-07-01,1,1,1
2008-07,G,6177,0.0,4.86525206913138,2.200420916302412,2008-07-01,0,1,0
2008-08,H,5746,0.0,4.872409817432442,2.239819004524887,2008-08-01,1,1,1
2008-08,G,5472,0.0,4.886767279670045,2.2479897660818717,2008-08-01,0,1,0
2008-08,G,482,0.0,8.029402950668512,2.804979253112033,2008-08-01,0,1,0
2008-08,H,547,0.0,9.058335707558742,2.9378427787934185,2008-08-01,1,1,1
2008-09,H,732,0.0,8.238541444893903,2.9726775956284155,2008-09-01,1,1,1
2008-09,H,7691,0.0,4.723743935957696,2.283968274606683,2008-09-01,1,1,1
2008-09,G,7813,0.0,4.829851378977836,2.245104313323947,2008-09-01,0,1,0
2008-09,G,511,0.0,8.186125686663848,2.8747553816046967,2008-09-01,0,1,0
2008-10,G,570,0.0,7.881312393746604,2.9771929824561405,2008-10-01,0,1,0
2008-10,G,5916,0.0,4.965121983854086,2.228870858688303,2008-10-01,0,1,0
2008-10,H,733,0.0,9.038646820058826,2.819918144611187,2008-10-01,1,1,1
2008-10,H,6298,0.0,4.768471000524827,2.315338202604001,2008-10-01,1,1,1
2008-11,G,488,0.0,8.251750600264945,2.8954918032786887,2008-11-01,0,1,0
2008-11,H,629,0.0,8.389225149519268,2.85214626391097,2008-11-01,1,1,1
2008-11,G,5236,0.0,4.921581709871912,2.1879297173414822,2008-11-01,0,1,0
2008-11,H,5580,0.0,4.709491668489971,2.228853046594982,2008-11-01,1,1,1
2008-12,G,6962,0.0,5.014724424463494,2.2487790864694053,2008-12-01,0,1,0
2008-12,H,7066,0.0,4.815663616268627,2.2437022360600056,2008-12-01,1,1,1
2008-12,G,630,0.0,8.07727697346745,2.83968253968254,2008-12-01,0,1,0
2008-12,H,899,0.0,8.03800306417103,2.875417130144605,2008-12-01,1,1,1
2009-01,H,596,0.0,8.140475524661767,2.936241610738255,2009-01-01,1,1,1
2009-01,G,505,0.0,9.053481848184818,2.67920792079208,2009-01-01,0,1,0
2009-01,H,5342,0.0,4.798172078867511,2.25739423436915,2009-01-01,1,1,1
2009-01,G,4900,0.0,5.0003938578428375,2.263673469387755,2009-01-01,0,1,0
2009-02,G,5871,0.0,4.950770155439292,2.231306421393289,2009-02-01,0,1,0
2009-02,H,766,0.0,8.451169076789181,2.875979112271541,2009-02-01,1,1,1
2009-02,G,544,0.0,7.747173083248451,2.823529411764706,2009-02-01,0,1,0
2009-02,H,6100,0.0,4.7308574199025015,2.270163934426229,2009-02-01,1,1,1
2009-03,G,9439,0.0,4.8031042652324265,2.206059963979235,2009-03-01,0,1,0
2009-03,H,9100,0.0,4.575624647635637,2.2124175824175825,2009-03-01,1,1,1
2009-03,G,815,0.0,7.4338976869796065,2.755828220858896,2009-03-01,0,1,0
2009-03,H,1222,0.0,7.730738469568257,2.785597381342062,2009-03-01,1,1,1
2009-04,H,5230,0.0,4.483886220004767,2.2866156787762906,2009-04-01,1,1,1
2009-04,G,4878,0.0,4.610840551454425,2.248667486674867,2009-04-01,0,1,0
2009-04,H,945,0.0,7.572734182337357,2.82010582010582,2009-04-01,1,1,1
2009-04,G,654,0.0,7.889439226251152,2.912844036697248,2009-04-01,0,1,0
2009-05,H,837,0.0,7.9119397594307985,2.793309438470729,2009-05-01,1,1,1
2009-05,G,680,0.0,7.451353874883287,2.948529411764706,2009-05-01,0,1,0
2009-05,G,4247,0.0,4.787431898413179,2.2679538497763128,2009-05-01,0,1,0
2009-05,H,4621,0.0,4.671210308842856,2.270287816489937,2009-05-01,1,1,1
2009-06,G,5326,0.0,4.813286786031617,2.2470897484040555,2009-06-01,0,1,0
2009-06,H,5888,0.0,4.506988495728305,2.3106317934782608,2009-06-01,1,1,1
2009-06,H,1115,0.0,7.340393171850572,2.928251121076233,2009-06-01,1,1,1
2009-06,G,831,0.0,8.15797283067404,2.825511432009627,2009-06-01,0,1,0
2009-07,H,915,0.0,6.825719489981785,2.950819672131148,2009-07-01,1,1,1
2009-07,G,5057,0.0,4.8307861831443,2.2879177377892037,2009-07-01,0,1,0
2009-07,H,5255,0.0,4.616497091026111,2.2700285442435777,2009-07-01,1,1,1
2009-07,G,718,0.0,7.394209476827387,2.7910863509749304,2009-07-01,0,1,0
2009-08,H,926,0.0,8.60721520200462,2.785097192224622,2009-08-01,1,1,1
2009-08,H,4618,0.0,4.654673179185956,2.300996102208748,2009-08-01,1,1,1
2009-08,G,4567,0.0,4.905966685745822,2.1920297788482594,2009-08-01,0,1,0
2009-08,G,576,0.0,7.804577270723104,2.692708333333333,2009-08-01,0,1,0
2009-09,H,996,0.0,6.881308536956127,2.8423694779116464,2009-09-01,1,1,1
2009-09,G,747,0.0,7.370612464287164,2.915662650602409,2009-09-01,0,1,0
2009-09,G,6060,0.0,4.892688470312233,2.238943894389439,2009-09-01,0,1,0
2009-09,H,6345,0.0,4.611497160356499,2.290307328605201,2009-09-01,1,1,1
2009-10,G,4534,0.0,4.833517607227356,2.2523158359064843,2009-10-01,0,1,0
2009-10,H,4940,0.0,4.690423576086531,2.2898785425101216,2009-10-01,1,1,1
2009-10,G,759,0.0,7.980844711575937,2.919631093544137,2009-10-01,0,1,0
2009-10,H,943,0.0,7.422087868535377,3.039236479321315,2009-10-01,1,1,1
2009-11,G,4610,0.0,4.755956807618813,2.2752711496746203,2009-11-01,0,1,0
2009-11,G,663,0.0,7.755170102228926,2.779788838612368,2009-11-01,0,1,0
2009-11,H,4741,0.0,4.790177762077151,2.222105041130563,2009-11-01,1,1,1
2009-11,H,904,0.0,7.41004654146247,2.84070796460177,2009-11-01,1,1,1
2009-12,G,756,0.0,7.720929867457645,2.8399470899470898,2009-12-01,0,1,0
2009-12,H,1132,0.0,7.176375028583509,2.799469964664311,2009-12-01,1,1,1
2009-12,G,5709,0.0,4.99333098393792,2.215799614643545,2009-12-01,0,1,0
2009-12,H,5797,0.0,4.794954259977497,2.2611695704674832,2009-12-01,1,1,1
2010-01,G,5112,0.0,5.040280507181915,2.2476525821596245,2010-01-01,0,1,0
2010-01,H,5357,0.0,5.076678900698384,2.4218779167444464,2010-01-01,1,1,1
2010-02,G,5649,0.0,5.238400807213871,2.325013276686139,2010-02-01,0,1,0
2010-02,H,6356,0.0,4.975241364991208,2.3843612334801763,2010-02-01,1,1,1
2010-03,G,10083,0.0,4.958106397250253,2.291877417435287,2010-03-01,0,1,0
2010-03,H,10191,0.0,4.783495522568494,2.395054459817486,2010-03-01,1,1,1
2010-04,G,5020,0.0,5.129749555446767,2.3372509960159364,2010-04-01,0,1,0
2010-04,H,5913,0.0,5.1741005452446345,2.4405547099611025,2010-04-01,1,1,1
2010-05,H,5359,0.0,5.182585411830607,2.4000746407911926,2010-05-01,1,1,1
2010-05,G,4586,0.0,5.30510214989867,2.2969908416921063,2010-05-01,0,1,0
2010-06,H,6951,0.0,5.1164205791167,2.4492878722485973,2010-06-01,1,1,1
2010-06,G,6225,0.0,5.188927492671645,2.355341365461848,2010-06-01,0,1,0
2010-07,G,5178,0.0,5.102792794777834,2.3615295480880647,2010-07-01,0,1,0
2010-07,H,6094,0.0,5.0191288359199415,2.465539875287168,2010-07-01,1,1,1
2010-08,G,5285,0.0,5.004186086697913,2.4045411542100283,2010-08-01,0,1,0
2010-08,H,5895,0.0,5.040110799576448,2.4893977947413064,2010-08-01,1,1,1
2010-09,G,6740,0.0,5.043328555160245,2.313204747774481,2010-09-01,0,1,0
2010-09,H,7186,0.0,4.86989598846324,2.453381575285277,2010-09-01,1,1,1
2010-10,G,5271,0.0,5.289200849004492,2.3830392714854867,2010-10-01,0,1,0
2010-10,H,5712,0.0,5.107814878343682,2.47233893557423,2010-10-01,1,1,1
2010-11,G,5627,0.0,5.150648350030791,2.368046916651857,2010-11-01,0,1,0
2010-11,H,6100,0.0,5.109184742023219,2.430983606557377,2010-11-01,1,1,1
2010-12,H,6892,0.0,4.999907743660799,2.4397852582704584,2010-12-01,1,1,1
2010-12,G,6520,0.0,5.217610525970839,2.338650306748466,2010-12-01,0,1,0
2011-01,G,4797,0.0,5.1502793456514535,2.399624765478424,2011-01-01,0,1,0
2011-01,H,5456,0.0,5.025077413727524,2.432734604105572,2011-01-01,1,1,1
2011-02,G,5752,0.0,5.124278946400085,2.3009388038942977,2011-02-01,0,1,0
2011-02,H,6492,0.0,4.968914394122343,2.480283425754775,2011-02-01,1,1,1
2011-03,G,9065,0.0,5.185746590542509,2.260893546607832,2011-03-01,0,1,0
2011-03,H,9810,0.0,4.7254025854369885,2.41855249745158,2011-03-01,1,1,1
2011-04,G,5010,0.0,5.271325192882079,2.3227544910179643,2011-04-01,0,1,0
2011-04,H,5842,0.0,5.081937509787561,2.468675111263266,2011-04-01,1,1,1
2011-05,G,4797,0.0,5.362762299660361,2.3450072962268083,2011-05-01,0,1,0
2011-05,H,5503,0.0,5.043261318921921,2.454297655824096,2011-05-01,1,1,1
2011-06,G,5642,0.0,5.262246099542271,2.3532435306628856,2011-06-01,0,1,0
2011-06,H,6637,0.0,4.989761706911775,2.457435588368239,2011-06-01,1,1,1
2011-07,H,5588,0.0,5.092479983197155,2.466535433070866,2011-07-01,1,1,1
2011-07,G,4929,0.0,5.297093225973324,2.375735443294786,2011-07-01,0,1,0
2011-08,G,5200,0.0,5.413920010545011,2.333653846153846,2011-08-01,0,1,0
2011-08,H,5945,0.0,4.971370047219995,2.4489486963835154,2011-08-01,1,1,1
2011-09,G,6916,0.0,5.364434808090823,2.3429728166570274,2011-09-01,0,1,0
2011-09,H,7701,0.0,4.968376027932846,2.427347097779509,2011-09-01,1,1,1
2011-10,G,4858,0.0,5.277982876073654,2.415808974886785,2011-10-01,0,1,0
2011-10,H,5607,0.0,4.923415211604083,2.5432495095416443,2011-10-01,1,1,1
2011-11,G,5624,0.0,5.1305304202846775,2.4703058321479374,2011-11-01,0,1,0
2011-11,H,6197,0.0,4.862065518617076,2.463611424883008,2011-11-01,1,1,1
2011-12,G,6373,0.0,5.3026423331115415,2.3949474344892514,2011-12-01,0,1,0
2011-12,H,7221,0.0,4.936990978754585,2.487605594792965,2011-12-01,1,1,1
2012-01,G,4780,0.0,5.297202067550009,2.363807531380753,2012-01-01,0,1,0
2012-01,H,5464,0.0,5.033372162709885,2.4809663250366034,2012-01-01,1,1,1
2012-02,H,6962,0.0,4.924233768777257,2.4662453318012068,2012-02-01,1,1,1
2012-02,G,5693,0.0,5.185539314696941,2.441770595468119,2012-02-01,0,1,0
2012-03,H,9762,0.0,5.017705455622815,2.413644744929318,2012-03-01,1,1,1
2012-03,G,9314,0.0,5.114217455675897,2.3437835516426886,2012-03-01,0,1,0
2012-04,G,4821,0.0,5.509083522898084,2.3352001659406763,2012-04-01,0,1,0
2012-04,H,5574,0.0,5.022509727787778,2.520272694653749,2012-04-01,1,1,1
2012-05,G,5117,0.0,5.507630325271924,2.3797146765683017,2012-05-01,0,1,0
2012-05,H,5773,0.0,5.103149352475959,2.519314048155205,2012-05-01,1,1,1
2012-06,G,5453,0.0,5.4953505948073165,2.468916192921328,2012-06-01,0,1,0
2012-06,H,6182,0.0,5.24432905334717,2.491103202846975,2012-06-01,1,1,1
2012-07,G,5192,0.0,5.386783233138202,2.428351309707242,2012-07-01,0,1,0
2012-07,H,5998,0.0,5.202906213955731,2.489496498832944,2012-07-01,1,1,1
2012-08,G,5149,0.0,5.450977223937022,2.3839580501068167,2012-08-01,0,1,0
2012-08,H,5866,0.0,5.063459083487638,2.515854074326628,2012-08-01,1,1,1
2012-09,G,6417,0.0,5.538231808344503,2.349072775440237,2012-09-01,0,1,0
2012-09,H,7008,0.0,4.990994141893115,2.5281107305936072,2012-09-01,1,1,1
2012-10,G,5152,0.0,5.421365565842161,2.4549689440993787,2012-10-01,0,1,0
2012-10,H,6001,0.0,5.021503609307603,2.597567072154641,2012-10-01,1,1,1
2012-11,H,5919,0.0,5.148603717901741,2.5159655347187027,2012-11-01,1,1,1
2012-11,G,5435,0.0,5.399610072553592,2.5153633854645814,2012-11-01,0,1,0
2012-12,G,5930,0.0,5.4397835594084585,2.44637436762226,2012-12-01,0,1,0
2012-12,H,6611,0.0,5.241556429041303,2.502344577219785,2012-12-01,1,1,1
2013-01,G,4436,0.0,5.458537964765422,2.3947249774571686,2013-01-01,0,1,0
2013-01,H,5053,0.0,5.208305736526596,2.5551157728082328,2013-01-01,1,1,1
2013-02,G,5427,0.0,5.480609607153423,2.442786069651741,2013-02-01,0,1,0
2013-02,H,6074,0.0,4.934502592300535,2.5589397431675995,2013-02-01,1,1,1
2013-03,G,8460,0.0,5.1904719506699415,2.5296690307328604,2013-03-01,0,1,0
2013-03,H,8773,0.0,4.859642051349899,2.5317451270944944,2013-03-01,1,1,1
2013-04,G,4825,0.0,5.389322365889723,2.410777202072538,2013-04-01,0,1,0
2013-04,H,5463,0.0,5.112956471372985,2.556836902800659,2013-04-01,1,1,1
2013-05,G,4922,0.0,5.586034375258997,2.466883380739537,2013-05-01,0,1,0
2013-05,H,5473,0.0,5.301740230453916,2.5052073816919425,2013-05-01,1,1,1
2013-06,H,5475,0.0,5.09732251846998,2.5258447488584475,2013-06-01,1,1,1
2013-06,G,5082,0.0,5.59418921544807,2.4724517906336088,2013-06-01,0,1,0
2013-07,G,5208,0.0,5.373845798658587,2.449116743471582,2013-07-01,0,1,0
2013-07,H,5828,0.0,5.0123430756881335,2.5777282086479065,2013-07-01,1,1,1
2013-08,G,4874,0.0,5.531558912067735,2.3853098071399264,2013-08-01,0,1,0
2013-08,H,5549,0.0,5.070612343544403,2.556496666065958,2013-08-01,1,1,1
2013-09,G,5848,0.0,5.505064305731954,2.396203830369357,2013-09-01,0,1,0
2013-09,H,6412,0.0,4.9145139993030496,2.5709606986899565,2013-09-01,1,1,1
2013-10,G,5137,0.0,5.413730170830618,2.461553435857504,2013-10-01,0,1,0
2013-10,H,5613,0.0,4.940912324671539,2.563513272759665,2013-10-01,1,1,1
2013-11,G,4960,0.0,5.728041164144996,2.441935483870968,2013-11-01,0,1,0
2013-11,H,5397,0.0,5.0558154661463695,2.5725403001667595,2013-11-01,1,1,1
2013-12,G,6067,0.0,5.74459481282046,2.4578869292895997,2013-12-01,0,1,0
2013-12,H,6353,0.0,5.300131384565904,2.519439634818196,2013-12-01,1,1,1
2014-01,G,4446,0.0,5.766589805162481,2.37089518668466,2014-01-01,0,1,0
2014-01,H,4839,0.0,5.069808737679166,2.5809051456912586,2014-01-01,1,1,1
2014-02,H,5544,0.0,5.018622361384807,2.595779220779221,2014-02-01,1,1,1
2014-02,G,5183,0.0,5.699637318166645,2.459772332625892,2014-02-01,0,1,0
2014-03,G,8528,0.0,5.726972049106618,2.438555347091933,2014-03-01,0,1,0
2014-03,H,8597,0.0,5.037800086153992,2.5684541118995,2014-03-01,1,1,1
2014-04,G,4345,0.0,5.6818448544316285,2.43590333716916,2014-04-01,0,1,0
2014-04,H,5007,0.0,4.959449541205084,2.5891751547833035,2014-04-01,1,1,1
2014-05,G,4614,0.0,5.696118767087558,2.4273948851322062,2014-05-01,0,1,0
2014-05,H,5071,0.0,5.126223051144172,2.563399723920331,2014-05-01,1,1,1
2014-06,G,4979,0.0,5.63360618928504,2.4735890741112674,2014-06-01,0,1,0
2014-06,H,5523,0.0,5.205099451718137,2.507514032228861,2014-06-01,1,1,1
2014-07,G,5040,0.0,5.6468405331527975,2.4621031746031745,2014-07-01,0,1,0
2014-07,H,5771,0.0,5.1376505874248135,2.6142782879916826,2014-07-01,1,1,1
2014-08,G,4509,0.0,5.826741349628908,2.39764914615214,2014-08-01,0,1,0
2014-08,H,4794,0.0,5.080164119108019,2.6186900292031705,2014-08-01,1,1,1
2014-09,H,6350,0.0,4.96293854610877,2.60740157480315,2014-09-01,1,1,1
2014-09,G,5840,0.0,5.540971911859335,2.4851027397260275,2014-09-01,0,1,0
2014-10,G,4610,0.0,5.556598440477476,2.480477223427332,2014-10-01,0,1,0
2014-10,H,5266,0.0,5.008211261202425,2.545955184200532,2014-10-01,1,1,1
2014-11,G,4209,0.0,5.755629899785281,2.430268472321216,2014-11-01,0,1,0
2014-11,H,4782,0.0,5.101410719574281,2.5342952739439566,2014-11-01,1,1,1
2014-12,G,5553,0.0,5.674770533190733,2.459211237169098,2014-12-01,0,1,0
2014-12,H,5820,0.0,5.053466236178865,2.585223367697594,2014-12-01,1,1,1
2015-01,G,4361,0.0,5.613237243847466,2.467553313460216,2015-01-01,0,1,0
2015-01,H,4796,0.0,5.122465860638297,2.538990825688073,2015-01-01,1,1,1
2015-02,G,4937,0.0,5.5565641574908335,2.4403483897103504,2015-02-01,0,1,0
2015-02,H,5323,0.0,5.079853613312189,2.586323501784708,2015-02-01,1,1,1
2015-03,G,8108,0.0,5.523050218809037,2.4442525900345338,2015-03-01,0,1,0
2015-03,H,7911,0.0,4.910508858317196,2.5374794589811653,2015-03-01,1,1,1
2015-04,H,4732,0.0,5.027895301477234,2.5794590025359256,2015-04-01,1,1,1
2015-04,G,4226,0.0,5.728606950130335,2.469947941315665,2015-04-01,0,1,0
2015-05,G,4042,0.0,5.712365505735125,2.5061850569025235,2015-05-01,0,1,0
2015-05,H,4278,0.0,5.183818326254603,2.610565684899486,2015-05-01,1,1,1
2015-06,G,4964,0.0,5.708958444149848,2.5348509266720387,2015-06-01,0,1,0
2015-06,H,5196,0.0,5.187433881126144,2.6225943033102386,2015-06-01,1,1,1
2015-07,G,4882,0.0,5.593770224913289,2.467841048750512,2015-07-01,0,1,0
2015-07,H,5006,0.0,5.136582247444506,2.644226927686776,2015-07-01,1,1,1
2015-08,G,4495,0.0,5.878098516240897,2.397997775305896,2015-08-01,0,1,0
2015-08,H,4673,0.0,5.090008353079375,2.6381339610528567,2015-08-01,1,1,1
2015-09,G,5698,0.0,5.665401145681894,2.4487539487539487,2015-09-01,0,1,0
2015-09,H,5660,0.0,4.94548887900478,2.580742049469965,2015-09-01,1,1,1
2015-10,G,4397,0.0,5.7777804988204124,2.45167159426882,2015-10-01,0,1,0
2015-10,H,4735,0.0,5.097660749141742,2.5892291446673705,2015-10-01,1,1,1
2015-11,G,4485,0.0,5.596324681969611,2.5908584169453737,2015-11-01,0,1,0
2015-11,H,4515,0.0,5.157253256156911,2.520265780730897,2015-11-01,1,1,1
2015-12,G,5482,0.0,5.787688024461485,2.5450565487048524,2015-12-01,0,1,0
2015-12,H,5296,0.0,5.06818542421828,2.5273791540785497,2015-12-01,1,1,1
2016-01,H,4170,0.0,5.1157203155224735,2.538609112709832,2016-01-01,1,1,1
2016-01,G,4108,0.0,5.796941446410108,2.421372930866602,2016-01-01,0,1,0
2016-02,G,5138,0.0,5.746839879444979,2.4279875437913585,2016-02-01,0,1,0
2016-02,H,5219,0.0,4.977901258223159,2.513891550105384,2016-02-01,1,1,1
2016-03,G,7881,0.0,5.577884821226972,2.3939855348306054,2016-03-01,0,1,0
2016-03,H,7735,0.0,5.027668435077852,2.531480284421461,2016-03-01,1,1,1
2016-04,G,4078,0.0,5.737657791939754,2.4798921039725355,2016-04-01,0,1,0
2016-04,H,4198,0.0,5.17789194698192,2.5271557884707003,2016-04-01,1,1,1
2016-05,G,4134,0.0,5.840384593845817,2.486211901306241,2016-05-01,0,1,0
2016-05,H,4091,0.0,5.341921868226561,2.5629430457100955,2016-05-01,1,1,1
2016-06,G,5146,0.0,5.728979955036918,2.5042751651768365,2016-06-01,0,1,0
2016-06,H,5106,0.0,5.293694832281789,2.572855464159812,2016-06-01,1,1,1
2016-07,H,4428,0.0,5.265274344119195,2.573170731707317,2016-07-01,1,1,1
2016-07,G,4600,0.0,5.728273183465403,2.455,2016-07-01,0,1,0
2016-08,G,4533,0.0,5.709510741773682,2.5245973968674167,2016-08-01,0,1,0
2016-08,H,4608,0.0,4.995071077326841,2.67578125,2016-08-01,1,1,1
2016-09,G,5722,0.0,5.675354222627903,2.465921006641034,2016-09-01,0,1,0
2016-09,H,5894,0.0,5.031293119626469,2.587716321683068,2016-09-01,1,1,1
2016-10,G,4351,0.0,5.831017606592186,2.4683980694093317,2016-10-01,0,1,0
2016-10,H,4232,0.0,4.866809806188351,2.56710775047259,2016-10-01,1,1,1
2016-11,G,4709,0.0,5.757471568574196,2.473985984285411,2016-11-01,0,1,0
2016-11,H,4606,0.0,4.997800351816852,2.592705167173252,2016-11-01,1,1,1
2016-12,G,5404,0.0,6.04211089186069,2.4661361954108068,2016-12-01,0,1,0
2016-12,H,5066,0.0,5.174503901699914,2.5294117647058822,2016-12-01,1,1,1
2017-01,H,4070,0.0,5.185947134356225,2.545945945945946,2017-01-01,1,1,1
2017-01,G,4020,0.0,5.671156688845266,2.499502487562189,2017-01-01,0,1,0
2017-02,H,4989,0.0,5.061088749227655,2.526157546602525,2017-02-01,1,1,1
2017-02,G,4960,0.0,5.635458017814298,2.440524193548387,2017-02-01,0,1,0
2017-03,G,8046,0.0,5.563384754182758,2.421575938354462,2017-03-01,0,1,0
2017-03,H,1,0.0,10.0,2.0,2017-03-01,1,1,1
2017-03,H,7458,0.0,4.927193995173286,2.5746849021185305,2017-03-01,1,1,1
2017-04,G,4133,0.0,5.884223453371202,2.458504718122429,2017-04-01,0,1,0
2017-04,H,2,0.0,14.5,1.0,2017-04-01,1,1,1
2017-04,G,4,0.0,7.979166666666667,2.5,2017-04-01,0,1,0
2017-04,H,3976,0.0,5.033132207748657,2.572937625754528,2017-04-01,1,1,1
2017-05,H,3,0.0,8.833333333333334,1.3333333333333333,2017-05-01,1,1,1
2017-05,G,4339,0.0,6.070399522502542,2.432588153952524,2017-05-01,0,1,0
2017-05,H,4187,0.0,5.512874450107804,2.581084308574158,2017-05-01,1,1,1
2017-05,G,4,0.0,19.25,1.5,2017-05-01,0,1,0
2017-06,H,4615,0.0,5.198130804430913,2.6036836403033585,2017-06-01,1,1,1
2017-06,G,5078,0.0,5.848278245757569,2.491925955100433,2017-06-01,0,1,0
2017-06,G,4,0.0,8.625,2.25,2017-06-01,0,1,0
2017-06,H,6,0.0,9.05,3.1666666666666665,2017-06-01,1,1,1
2017-07,G,4504,0.0,5.661584012948297,2.469138543516874,2017-07-01,0,1,0
2017-07,G,15,0.0,7.575925925925926,2.933333333333333,2017-07-01,0,1,0
2017-07,H,30,0.0,8.772380952380953,2.466666666666667,2017-07-01,1,1,1
2017-07,H,4039,0.0,5.150127194612216,2.638771973260708,2017-07-01,1,1,1
2017-08,G,4542,0.0,5.716505993473183,2.526860413914575,2017-08-01,0,1,0
2017-08,H,4456,0.0,5.302229909652485,2.6083931777378817,2017-08-01,1,1,1
2017-08,G,38,0.0,7.845614035087719,3.0526315789473686,2017-08-01,0,1,0
2017-08,H,72,0.0,8.879398148148148,2.388888888888889,2017-08-01,1,1,1
2017-09,H,96,0.0,9.478365384615383,2.2291666666666665,2017-09-01,1,1,1
2017-09,G,44,0.0,8.034686147186148,2.5681818181818183,2017-09-01,0,1,0
2017-09,G,5814,0.0,5.731169890805095,2.500171998624011,2017-09-01,0,1,0
2017-09,H,5546,0.0,5.174400529350042,2.5710421925712224,2017-09-01,1,1,1
2017-10,G,24,0.0,8.084027777777779,2.5,2017-10-01,0,1,0
2017-10,G,4570,0.0,5.835075094930288,2.50109409190372,2017-10-01,0,1,0
2017-10,H,4175,0.0,5.330627986680785,2.574131736526946,2017-10-01,1,1,1
2017-10,H,58,0.0,8.667952928297757,2.3793103448275863,2017-10-01,1,1,1
2017-11,H,4538,0.0,5.092340046447347,2.622961657117673,2017-11-01,1,1,1
2017-11,H,126,0.0,8.859216312787742,2.3174603174603177,2017-11-01,1,1,1
2017-11,G,61,0.0,8.096760343481655,2.5737704918032787,2017-11-01,0,1,0
2017-11,G,4802,0.0,5.774911173460297,2.542274052478134,2017-11-01,0,1,0
2017-12,G,83,0.0,8.214529546758461,3.1686746987951806,2017-12-01,0,1,0
2017-12,H,5101,0.0,5.243660457290839,2.5777298568908056,2017-12-01,1,1,1
2017-12,G,5821,0.0,5.808618032361805,2.531867376739392,2017-12-01,0,1,0
2017-12,H,121,0.0,8.362475403384494,2.5041322314049586,2017-12-01,1,1,1
2018-01,G,48,0.0,7.7411706349206355,2.6041666666666665,2018-01-01,0,1,0
2018-01,H,111,0.0,11.114298914298914,1.972972972972973,2018-01-01,1,1,1
2018-01,H,3880,0.0,5.136407015807789,2.5966494845360826,2018-01-01,1,1,1
2018-01,G,4012,0.0,5.743706266581835,2.518693918245264,2018-01-01,0,1,0
2018-02,G,90,0.0,5.776349206349207,2.8777777777777778,2018-02-01,0,1,0
2018-02,H,162,0.0,8.696729864785421,2.265432098765432,2018-02-01,1,1,1
2018-02,H,4481,0.0,5.100770874839164,2.615710778844008,2018-02-01,1,1,1
2018-02,G,4819,0.0,5.850892491741216,2.465864287196514,2018-02-01,0,1,0
2018-03,G,7830,0.0,5.645671362836114,2.4122605363984677,2018-03-01,0,1,0
2018-03,G,273,0.0,7.012484737484737,2.4285714285714284,2018-03-01,0,1,0
2018-03,H,327,0.0,5.97049415076938,2.72782874617737,2018-03-01,1,1,1
2018-03,H,6834,0.0,5.006962580634662,2.536581796897864,2018-03-01,1,1,1
2018-04,H,253,0.0,6.424750183939907,2.6956521739130435,2018-04-01,1,1,1
2018-04,G,183,0.0,7.894312169312169,2.7540983606557377,2018-04-01,0,1,0
2018-04,H,3703,0.0,5.256167027216646,2.606805293005671,2018-04-01,1,1,1
2018-04,G,4092,0.0,5.860011314850025,2.4760508308895406,2018-04-01,0,1,0
2018-05,H,3871,0.0,5.381666807244824,2.661844484629295,2018-05-01,1,1,1
2018-05,G,245,0.0,6.941598639455783,2.63265306122449,2018-05-01,0,1,0
2018-05,H,319,0.0,6.538245758073344,2.5642633228840124,2018-05-01,1,1,1
2018-05,G,4245,0.0,5.880553625826888,2.5382803297997643,2018-05-01,0,1,0
2018-06,G,300,0.0,6.972984126984128,2.64,2018-06-01,0,1,0
2018-06,G,4769,0.0,5.850940137656431,2.5305095407842315,2018-06-01,0,1,0
2018-06,H,4120,0.0,5.256078021032442,2.683009708737864,2018-06-01,1,1,1
2018-06,H,309,0.0,6.095250909566022,3.01294498381877,2018-06-01,1,1,1
2018-07,G,573,0.0,7.891641924102656,2.923211169284468,2018-07-01,0,1,0
2018-07,H,598,0.0,7.041230183788712,3.178929765886288,2018-07-01,1,1,1
2018-07,G,4428,0.0,5.756890901555536,2.4162149954832883,2018-07-01,0,1,0
2018-07,H,3771,0.0,5.003478985834267,2.6483691328560064,2018-07-01,1,1,1
2018-08,G,617,0.0,7.361900799542615,3.0243111831442464,2018-08-01,0,1,0
2018-08,H,677,0.0,7.1004044986689,2.93205317577548,2018-08-01,1,1,1
2018-08,G,4252,0.0,5.521461293605363,2.4967074317968017,2018-08-01,0,1,0
2018-08,H,3664,0.0,4.939722228129707,2.576965065502184,2018-08-01,1,1,1
2018-09,H,4122,0.0,4.90720452387119,2.584425036390102,2018-09-01,1,1,1
2018-09,G,4895,0.0,5.63893527130759,2.4414708886619,2018-09-01,0,1,0
2018-09,G,731,0.0,7.257133738040867,3.1326949384404923,2018-09-01,0,1,0
2018-09,H,788,0.0,6.387930588517517,3.3261421319796955,2018-09-01,1,1,1
2018-10,G,702,0.0,7.431654429607646,3.0284900284900287,2018-10-01,0,1,0
2018-10,H,707,0.0,7.601829774814216,2.9264497878359266,2018-10-01,1,1,1
2018-10,H,3764,0.0,5.0124395043497065,2.539319872476089,2018-10-01,1,1,1
2018-10,G,4384,0.0,5.548654642574579,2.4826642335766422,2018-10-01,0,1,0
2018-11,H,3890,0.0,4.906701197260324,2.634190231362468,2018-11-01,1,1,1
2018-11,G,4401,0.0,5.63020117307795,2.446943876391729,2018-11-01,0,1,0
2018-11,H,825,0.0,6.953492194674013,3.215757575757576,2018-11-01,1,1,1
2018-11,G,682,0.0,7.531873397049351,3.067448680351906,2018-11-01,0,1,0
2018-12,H,759,0.0,6.740324162563177,3.1515151515151514,2018-12-01,1,1,1
2018-12,G,863,0.0,7.430844950080177,2.9721900347624564,2018-12-01,0,1,0
2018-12,H,3980,0.0,4.957693935043181,2.577889447236181,2018-12-01,1,1,1
2018-12,G,4922,0.0,5.87221360324415,2.452052011377489,2018-12-01,0,1,0
2019-01,H,837,0.0,7.167938602616022,3.019115890083632,2019-01-01,1,1,1
2019-01,G,786,0.0,7.452087776515258,2.992366412213741,2019-01-01,0,1,0
2019-01,G,3496,0.0,5.803521526147384,2.3615560640732265,2019-01-01,0,1,0
2019-01,H,3043,0.0,4.83586498760669,2.5589878409464344,2019-01-01,1,1,1
2019-02,G,4281,0.0,5.449451957745949,2.4326092034571363,2019-02-01,0,1,0
2019-02,H,3500,0.0,4.9309924138886325,2.467142857142857,2019-02-01,1,1,1
2019-02,G,863,0.0,7.181787463523189,2.818076477404403,2019-02-01,0,1,0
2019-02,H,1090,0.0,6.039629684790236,2.9935779816513763,2019-02-01,1,1,1
2019-03,G,6964,0.0,5.474362553599681,2.420017231476163,2019-03-01,0,1,0
2019-03,H,5412,0.0,4.896397580308334,2.5338137472283813,2019-03-01,1,1,1
2019-03,G,1290,0.0,7.10602920120362,2.772093023255814,2019-03-01,0,1,0
2019-03,H,1418,0.0,6.490153982907861,2.8716502115655853,2019-03-01,1,1,1
2019-04,H,2965,0.0,4.95973471160655,2.545362563237774,2019-04-01,1,1,1
2019-04,G,938,0.0,7.2178937178670655,3.06183368869936,2019-04-01,0,1,0
2019-04,H,1110,0.0,6.331703793174381,3.056756756756757,2019-04-01,1,1,1
2019-04,G,3455,0.0,5.571049339554064,2.398552821997105,2019-04-01,0,1,0
2019-05,G,1099,0.0,6.840367308861394,3.0418562329390357,2019-05-01,0,1,0
2019-05,H,1029,0.0,6.517384739760834,3.052478134110787,2019-05-01,1,1,1
2019-05,H,2648,0.0,5.101419526051324,2.497356495468278,2019-05-01,1,1,1
2019-05,G,3288,0.0,5.797007509758422,2.3281630170316303,2019-05-01,0,1,0
2019-06,G,1256,0.0,7.053827966219077,3.034235668789809,2019-06-01,0,1,0
2019-06,G,3896,0.0,5.716565735661113,2.353439425051335,2019-06-01,0,1,0
2019-06,H,3019,0.0,5.098819443594204,2.5028155018217952,2019-06-01,1,1,1
2019-06,H,1149,0.0,6.210654469082514,3.133159268929504,2019-06-01,1,1,1
2019-07,G,4045,0.0,5.688045007527953,2.422002472187886,2019-07-01,0,1,0
2019-07,H,1242,0.0,6.475812727849977,2.964573268921095,2019-07-01,1,1,1
2019-07,H,3212,0.0,5.382563425574011,2.459526774595268,2019-07-01,1,1,1
2019-07,G,1101,0.0,6.97840930892702,3.005449591280654,2019-07-01,0,1,0
2019-08,H,2924,0.0,5.058394354923083,2.536935704514364,2019-08-01,1,1,1
2019-08,G,3540,0.0,5.711906544269754,2.4949152542372883,2019-08-01,0,1,0
2019-08,G,1115,0.0,6.791970730604198,3.1210762331838566,2019-08-01,0,1,0
2019-08,H,1201,0.0,6.581234222803748,3.0149875104079933,2019-08-01,1,1,1
2019-09,G,1246,0.0,7.1460681818627245,3.033707865168539,2019-09-01,0,1,0
2019-09,H,1318,0.0,6.372797735207358,3.141122913505311,2019-09-01,1,1,1
2019-09,H,3705,0.0,5.210388564052532,2.5130904183535763,2019-09-01,1,1,1
2019-09,G,4432,0.0,5.860093426000763,2.4088447653429603,2019-09-01,0,1,0
2019-10,G,1318,0.0,7.243172444032705,3.0128983308042487,2019-10-01,0,1,0
2019-10,H,1230,0.0,6.593630633142828,3.0032520325203254,2019-10-01,1,1,1
2019-10,G,3731,0.0,5.934099473285698,2.474671669793621,2019-10-01,0,1,0
2019-10,H,2960,0.0,5.237065057800352,2.556756756756757,2019-10-01,1,1,1
2019-11,G,3716,0.0,5.9627987878476185,2.3608719052744886,2019-11-01,0,1,0
2019-11,H,2867,0.0,5.322635054942345,2.48622253226369,2019-11-01,1,1,1
2019-11,H,1335,0.0,6.824788645377312,3.140823970037453,2019-11-01,1,1,1
2019-11,G,1237,0.0,7.0448730219748805,3.0274858528698463,2019-11-01,0,1,0
2019-12,H,1552,0.0,6.322858833719184,3.109536082474227,2019-12-01,1,1,1
2019-12,G,1289,0.0,6.953868872701301,3.074476338246703,2019-12-01,0,1,0
2019-12,H,3328,0.0,5.239331704600546,2.4864783653846154,2019-12-01,1,1,1
2019-12,G,4209,0.0,6.08716507944947,2.4136374435732955,2019-12-01,0,1,0
2020-01,G,4386,0.0,6.221060659020555,2.75421796625627,2020-01-01,0,1,0
2020-01,H,3661,0.0,5.598693144493472,2.652553947009014,2020-01-01,1,1,1
2020-02,G,4896,0.0,6.261627269448961,2.5430964052287583,2020-02-01,0,1,0
2020-02,H,4399,0.0,5.5679414069928965,2.6924300977494884,2020-02-01,1,1,1
2020-03,G,8046,0.0,5.87567942938185,2.616828237633607,2020-03-01,0,1,0
2020-03,H,6624,0.0,5.56053111007553,2.6032608695652173,2020-03-01,1,1,1
2020-04,G,4055,0.0,6.171726478529832,2.6241676942046857,2020-04-01,0,1,0
2020-04,H,3692,0.0,5.574087039307448,2.756771397616468,2020-04-01,1,1,1
2020-05,H,3422,0.0,5.96682949088706,2.635300993571011,2020-05-01,1,1,1
2020-05,G,3929,0.0,6.318798350402711,2.6564011198778315,2020-05-01,0,1,0
2020-06,G,4789,0.0,6.454706985318804,2.5884318229275425,2020-06-01,0,1,0
2020-06,H,4046,0.0,5.575638035963048,2.698467622343055,2020-06-01,1,1,1
2020-07,G,4900,0.0,6.37249643529256,2.6520408163265308,2020-07-01,0,1,0
2020-07,H,4097,0.0,5.69027776783016,2.744691237490847,2020-07-01,1,1,1
2020-08,G,4038,0.0,6.431850274523555,2.598563645368994,2020-08-01,0,1,0
2020-08,H,3460,0.0,5.700052787610591,2.7210982658959537,2020-08-01,1,1,1
2020-09,G,5426,0.0,6.28519404867302,2.693328418724659,2020-09-01,0,1,0
2020-09,H,4749,0.0,5.827253580688515,2.731732996420299,2020-09-01,1,1,1
2020-10,H,3787,0.0,5.602760675555375,2.7771322946923687,2020-10-01,1,1,1
2020-10,G,4550,0.0,6.15429000740216,2.692967032967033,2020-10-01,0,1,0
2020-11,G,4302,0.0,6.347097571574559,2.698977219897722,2020-11-01,0,1,0
2020-11,H,3705,0.0,5.868058817026428,2.714439946018893,2020-11-01,1,1,1
2020-12,G,5624,0.0,6.68179095824403,2.602951635846373,2020-12-01,0,1,0
2020-12,H,4346,0.0,5.980231176761631,2.6640589047399907,2020-12-01,1,1,1
2021-01,G,3709,0.0,6.225395542640757,2.6182259369102185,2021-01-01,0,1,0
2021-01,H,3274,0.0,6.0017361628015085,2.6279780085522297,2021-01-01,1,1,1
2021-02,G,4556,0.0,6.40321782140968,2.6005267778753294,2021-02-01,0,1,0
2021-02,H,3834,0.0,5.991131672332767,2.622326551904017,2021-02-01,1,1,1
2021-03,H,6430,0.0,5.709895827583115,2.632348367029549,2021-03-01,1,1,1
2021-03,G,7513,0.0,6.0970892550077584,2.617196858778118,2021-03-01,0,1,0
2021-04,G,3996,0.0,6.531127978663382,2.681931931931932,2021-04-01,0,1,0
2021-04,H,3446,0.0,5.973245268691149,2.806442251886245,2021-04-01,1,1,1
2021-05,G,3690,0.0,6.509281506659555,2.7111111111111112,2021-05-01,0,1,0
2021-05,H,3136,0.0,5.860682128068926,2.681122448979592,2021-05-01,1,1,1
2021-06,G,4345,0.0,6.356091697101449,2.527042577675489,2021-06-01,0,1,0
2021-06,H,3331,0.0,5.632627512085633,2.61723206244371,2021-06-01,1,1,1
2021-07,H,3107,0.0,5.52382816911301,2.7788863855809462,2021-07-01,1,1,1
2021-07,G,3772,0.0,6.038958442729651,2.5522269353128317,2021-07-01,0,1,0
2021-08,H,2830,0.0,5.643477745262198,2.6742049469964666,2021-08-01,1,1,1
2021-08,G,3615,0.0,6.058968249023778,2.564315352697096,2021-08-01,0,1,0
2021-09,G,4693,0.0,5.99731666623925,2.5883230343064136,2021-09-01,0,1,0
2021-09,H,3757,0.0,5.558906136850445,2.614319936119244,2021-09-01,1,1,1
2021-10,G,3447,0.0,6.05071961747114,2.6382361473745286,2021-10-01,0,1,0
2021-10,H,2703,0.0,5.445844378419295,2.716611172770995,2021-10-01,1,1,1
2021-11,G,3474,0.0,6.036094209672387,2.563615428900403,2021-11-01,0,1,0
2021-11,H,2749,0.0,5.486776061939758,2.6678792288104765,2021-11-01,1,1,1
2021-12,G,3955,0.0,6.180083066954117,2.4869785082174465,2021-12-01,0,1,0
2021-12,H,3046,0.0,5.566289655299832,2.639198949441891,2021-12-01,1,1,1
2022-01,H,842,0.0,5.255353155026552,3.1900237529691213,2022-01-01,1,1,1
2022-01,G,1061,0.0,5.779678510487222,2.919886899151744,2022-01-01,0,1,0
2022-02,G,1067,0.0,5.695608008840966,2.8753514526710404,2022-02-01,0,1,0
2022-02,H,889,0.0,5.5724795155475695,3.093363329583802,2022-02-01,1,1,1
2022-03,G,1638,0.0,6.328684682847368,2.843711843711844,2022-03-01,0,1,0
2022-03,H,1239,0.0,5.9271011289625095,2.9983857949959645,2022-03-01,1,1,1
2022-04,G,1026,0.0,6.134506093624171,2.7962962962962963,2022-04-01,0,1,0
2022-04,H,797,0.0,5.308040025637265,3.1166875784190715,2022-04-01,1,1,1
2022-05,G,926,0.0,5.971124518330242,2.860691144708423,2022-05-01,0,1,0
2022-05,H,755,0.0,5.482410911384422,3.176158940397351,2022-05-01,1,1,1
2022-06,H,804,0.0,5.7126988839291295,3.25,2022-06-01,1,1,1
2022-06,G,1156,0.0,6.313222444126423,2.878892733564014,2022-06-01,0,1,0
2022-07,G,1094,0.0,6.101573147829038,2.926873857404022,2022-07-01,0,1,0
2022-07,H,821,0.0,5.92273061219468,3.062119366626066,2022-07-01,1,1,1
2022-08,G,1105,0.0,6.348789469760353,2.912217194570136,2022-08-01,0,1,0
2022-08,H,850,0.0,5.548901666768448,3.1482352941176472,2022-08-01,1,1,1
2022-09,G,1050,0.0,6.154009504492919,2.94,2022-09-01,0,1,0
2022-09,H,873,0.0,5.58656416130643,3.1374570446735395,2022-09-01,1,1,1
2022-10,G,978,0.0,6.127190299012952,3.091002044989775,2022-10-01,0,1,0
2022-10,H,821,0.0,5.884543882332899,3.23020706455542,2022-10-01,1,1,1
2022-11,H,805,0.0,5.790981575360457,3.280745341614907,2022-11-01,1,1,1
2022-11,G,930,0.0,6.138061991379054,3.001075268817204,2022-11-01,0,1,0
2022-12,G,905,0.0,5.962635473472926,3.101657458563536,2022-12-01,0,1,0
2022-12,H,727,0.0,5.372344280019861,3.247592847317744,2022-12-01,1,1,1
2023-01,G,488,0.0,5.238570423201571,2.8954918032786887,2023-01-01,0,1,0
2023-01,H,452,0.0,5.288512716388823,3.336283185840708,2023-01-01,1,1,1
2023-02,G,613,0.0,5.182726716821334,2.9282218597063623,2023-02-01,0,1,0
2023-02,H,592,0.0,5.030809482371982,3.108108108108108,2023-02-01,1,1,1
2023-03,G,645,0.0,5.064871220510755,2.9612403100775198,2023-03-01,0,1,0
2023-03,H,619,0.0,5.0538676052004,3.10016155088853,2023-03-01,1,1,1
2023-04,G,391,0.0,4.795748788012215,2.959079283887468,2023-04-01,0,1,0
2023-04,H,346,0.0,5.404289413125693,3.0115606936416186,2023-04-01,1,1,1
2023-05,G,115,0.0,5.182505175983437,2.365217391304348,2023-05-01,0,1,0
2023-05,H,128,0.0,4.245194692460317,3.03125,2023-05-01,1,1,1
